SchoolName,Borough,ZipCode,LastInspection,ViolationDescription
"47 THE AMERICAN SIGN LANGUAGE AND ENGLISH SECONDARY SCHOOL, P721M AT M047, THE 47 AMERICAN SIGN LANG",Manhattan,10010,01/23/2023,Evidence of mice or live mice in establishment's food or non-food areas.
A. PHILIP RANDOLPH CAMPUS HIGH SCHOOL,Manhattan,10031,01/31/2023,Evidence of mice or live mice in establishment's food or non-food areas.
ACHIEVEMENT FIRST BUSHWICK MIDDLE SCHOOL,Brooklyn,11237,12/09/2022,Evidence of mice or live mice present in facility's food and/or non-food areas.
ACHIEVEMENT FIRST UJIMA HS,Brooklyn,11207,03/14/2023,Evidence of mice or live mice present in facility's food and/or non-food areas.
AL-NOOR SCHOOL,Brooklyn,11232,12/07/2022,Evidence of mice or live mice in establishment's food or non-food areas.
AL-NOOR SCHOOL,Brooklyn,11232,12/07/2022,Evidence of mice or live mice present in facility's food and/or non-food areas.
AL-NOOR SCHOOL,Brooklyn,11232,12/07/2022,Evidence of mice or live mice present in facility's food and/or non-food areas.
"ALBERT SHANKER SCHOOL FOR VISUAL AND PERFORMING ARTS, THE 30TH AVENUE SCHOOL (G&T CITYWIDE) ANNEX",Queens,11106,01/20/2023,Evidence of mice or live mice present in facility's food and/or non-food areas.
"ALBERT SHANKER SCHOOL FOR VISUAL AND PERFORMING ARTS, THE 30TH AVENUE SCHOOL (G&T CITYWIDE) ANNEX",Queens,11106,01/20/2023,Evidence of mice or live mice in establishment's food or non-food areas.
ALBERT TUITT SENIOR EDUCATIONAL,Bronx,10466,02/13/2023,Evidence of mice or live mice in establishment's food or non-food areas.
ALMADRASA AL ISLAMIYA,Brooklyn,11220,02/16/2023,Evidence of mice or live mice present in facility's food and/or non-food areas.
ALMADRASA AL ISLAMIYA,Brooklyn,11220,02/16/2023,Evidence of mice or live mice present in facility's food and/or non-food areas.
AMBER CHARTER SCHOOL INWOOD,Manhattan,10034,01/23/2023,Evidence of mice or live mice present in facility's food and/or non-food areas.
ASSOCIATED BETH RIVKAH SCHOOLS,Brooklyn,11225,01/24/2023,Evidence of mice or live mice present in facility's food and/or non-food areas.
"AUTOMOTIVE HIGH SCHOOL YABC, AUTOMOTIVE HIGH SCHOOL",Brooklyn,11222,12/19/2022,Evidence of mice or live mice in establishment's food or non-food areas.
AVIATION CAREER & TECHNICAL EDUCATION HIGH SCHOOL,Queens,11101,03/08/2023,Evidence of mice or live mice present in facility's food and/or non-food areas.
BAIS ESTHER SCHOOL,Brooklyn,11204,01/10/2023,Evidence of mice or live mice present in facility's food and/or non-food areas.
BAIS FRIMA CHINUCH CENTER,Brooklyn,11219,11/22/2022,Evidence of mice or live mice in establishment's food or non-food areas.
BAIS RUCHEL SCHOOL OF BORO PARK,Brooklyn,11219,03/09/2023,Evidence of mice or live mice present in facility's food and/or non-food areas.
BAIS SARAH SCHOOL,Brooklyn,11204,01/18/2023,Evidence of mice or live mice in establishment's food or non-food areas.
BAIS TZIPORAH SCHOOL,Brooklyn,11218,01/18/2023,Evidence of mice or live mice present in facility's food and/or non-food areas.
BAIS TZIPORAH SCHOOL,Brooklyn,11218,01/18/2023,Evidence of mice or live mice present in facility's food and/or non-food areas.
BAIS TZIPORAH SCHOOL,Brooklyn,11218,01/18/2023,Evidence of mice or live mice present in facility's food and/or non-food areas.
BAIS TZIPORAH SCHOOL,Brooklyn,11218,01/18/2023,Evidence of mice or live mice present in facility's food and/or non-food areas.
BAIS YAAKOV DKHAL ADAS YERIEM,Brooklyn,11211,01/19/2023,Evidence of mice or live mice in establishment's food or non-food areas.
BAIS YAAKOV FAIGEN SCHONBERG,Brooklyn,11219,02/16/2023,Evidence of mice or live mice in establishment's food or non-food areas.
BAIS YAAKOV FAIGEN SCHONBERG,Brooklyn,11219,02/16/2023,Evidence of mice or live mice present in facility's food and/or non-food areas.
BAIS YAAKOV FAIGEN SCHONBERG,Brooklyn,11219,02/16/2023,Evidence of mice or live mice present in facility's food and/or non-food areas.
BAIS YAAKOV FAIGEN SCHONBERG,Brooklyn,11219,02/16/2023,Evidence of mice or live mice in establishment's food or non-food areas.
BAIS YITZHAK SCHOOL,Brooklyn,,02/15/2023,Evidence of mice or live mice present in facility's food and/or non-food areas.
BATTALION CHRISTIAN ACADEMY,Brooklyn,11203,12/14/2022,Evidence of mice or live mice in establishment's food or non-food areas.
BE'IKVEI HATZOIN,Brooklyn,11249,02/14/2023,Evidence of mice or live mice in establishment's food or non-food areas.
BE`ER HAGOLAH INSTITUTE,Brooklyn,11239,03/14/2023,Evidence of mice or live mice present in facility's food and/or non-food areas.
BE`ER HAGOLAH INSTITUTE,Brooklyn,11239,03/14/2023,Evidence of mice or live mice present in facility's food and/or non-food areas.
BEDFORD STUYVESANT NEW BEGINNING CHARTER SCHOOL,Brooklyn,11206,03/09/2023,Evidence of mice or live mice in establishment's food or non-food areas.
BEDFORD STUYVESANT NEW BEGINNING CHARTER SCHOOL,Brooklyn,11206,03/09/2023,Evidence of mice or live mice in establishment's food or non-food areas.
BEIS MEIR,Brooklyn,11218,03/15/2023,Evidence of mice or live mice in establishment's food or non-food areas.
BEIS MEIR,Brooklyn,11218,03/15/2023,Evidence of mice or live mice in establishment's food or non-food areas.
BEIS MEIR,Brooklyn,11218,03/15/2023,Evidence of mice or live mice present in facility's food and/or non-food areas.
BET YAAKOV OTOR SARAH,Brooklyn,11230,12/29/2022,Evidence of mice or live mice present in facility's food and/or non-food areas.
BETH CHANA SCHOOL,Brooklyn,11206,02/16/2023,Evidence of mice or live mice present in facility's food and/or non-food areas.
BETH CHANA SCHOOL,Brooklyn,11206,02/16/2023,Evidence of mice or live mice present in facility's food and/or non-food areas.
BETH CHANA SCHOOL FOR GIRLS,Brooklyn,11249,03/14/2023,Evidence of mice or live mice in establishment's food or non-food areas.
BETH JACOB ES,Manhattan,10002,02/22/2023,Evidence of mice or live mice in establishment's food or non-food areas.
BETH JACOB OF BORO PARK,Brooklyn,11219,12/06/2022,Evidence of mice or live mice in establishment's food or non-food areas.
BETH JACOB SCHOOL FOR GIRLS,Brooklyn,11230,02/14/2023,Evidence of mice or live mice present in facility's food and/or non-food areas.
BETH JACOB SCHOOL FOR GIRLS,Brooklyn,11230,02/14/2023,Evidence of mice or live mice in establishment's food or non-food areas.
BETH RIVKAH HS,Brooklyn,11225,03/16/2023,Evidence of mice or live mice in establishment's food or non-food areas.
BETH RIVKAH HS,Brooklyn,11225,03/16/2023,Evidence of mice or live mice present in facility's food and/or non-food areas.
BETH RIVKAH HS,Brooklyn,11225,03/16/2023,Evidence of rats or live rats in establishment's food or non-food areas.
BISHOP LOUGHLIN MEMORIAL HIGH SCHOOL,Brooklyn,11238,11/07/2022,Evidence of mice or live mice in establishment's food or non-food areas.
BNEI SHIMON YISROEL OF SOPRON,Brooklyn,11205,11/15/2022,Evidence of mice or live mice present in facility's food and/or non-food areas.
BNOS CHAYA STATEN ISLAND,Staten Island,10314,03/22/2023,Evidence of mice or live mice present in facility's food and/or non-food areas.
BNOS CHAYIL,Brooklyn,11211,11/15/2022,Evidence of mice or live mice in establishment's food or non-food areas.
BNOS CHAYIL,Brooklyn,11211,11/15/2022,Evidence of mice or live mice present in facility's food and/or non-food areas.
BNOS MALKA ACADEMY,Queens,11375,01/05/2023,Evidence of mice or live mice present in facility's food and/or non-food areas.
BNOS MALKA ACADEMY,Queens,11375,01/05/2023,Evidence of mice or live mice in establishment's food or non-food areas.
BNOS MALKA ACADEMY,Queens,11375,01/05/2023,Evidence of mice or live mice present in facility's food and/or non-food areas.
BNOS MENACHEM,Brooklyn,11203,02/13/2023,Evidence of mice or live mice in establishment's food or non-food areas.
BNOS SPINKA SCHOOL,Brooklyn,11206,01/19/2023,Evidence of mice or live mice present in facility's food and/or non-food areas.
BNOS SPINKA SCHOOL,Brooklyn,11206,01/19/2023,Evidence of mice or live mice present in facility's food and/or non-food areas.
BNOS SPINKA SCHOOL,Brooklyn,11206,01/19/2023,Evidence of mice or live mice present in facility's food and/or non-food areas.
BNOS YAKOV SCHOOL,Brooklyn,11218,02/13/2023,Evidence of mice or live mice present in facility's food and/or non-food areas.
BNOS YAKOV SCHOOL,Brooklyn,11218,02/13/2023,Evidence of mice or live mice present in facility's food and/or non-food areas.
BNOS YAKOV SCHOOL FOR GIRLS,Brooklyn,11211,02/16/2023,Evidence of mice or live mice present in facility's food and/or non-food areas.
BNOS YAKOV SCHOOL FOR GIRLS,Brooklyn,11211,02/16/2023,Evidence of mice or live mice in establishment's food or non-food areas.
BNOS ZION OF BOBOV,Brooklyn,11219,03/09/2023,Evidence of mice or live mice in establishment's food or non-food areas.
BOBOVER YESHIVA BNEI ZION,Brooklyn,11219,02/14/2023,Evidence of mice or live mice present in facility's food and/or non-food areas.
BOBOVER YESHIVA BNEI ZION,Brooklyn,11218,03/15/2023,Evidence of mice or live mice in establishment's food or non-food areas.
BOBOVER YESHIVA BNEI ZION,Brooklyn,11218,03/15/2023,Evidence of mice or live mice present in facility's food and/or non-food areas.
BOBOVER YESHIVA BNEI ZION,Brooklyn,11219,02/23/2023,Evidence of mice or live mice present in facility's food and/or non-food areas.
BOBOVER YESHIVA BNEI ZION,Brooklyn,11219,02/23/2023,Evidence of mice or live mice present in facility's food and/or non-food areas.
BOBOVER YESHIVAH BNEI ZION,Brooklyn,11219,01/12/2023,Evidence of mice or live mice present in facility's food and/or non-food areas.
BOBOVER YESHIVAH BNEI ZION,Brooklyn,11219,01/12/2023,Evidence of mice or live mice present in facility's food and/or non-food areas.
BOBOVER YESHIVAH BNEI ZION,Brooklyn,11219,01/12/2023,Evidence of mice or live mice in establishment's food or non-food areas.
"BRIGHTER CHOICE COMMUNITY SCHOOL, P.S. K140",Brooklyn,11206,10/20/2022,Evidence of mice or live mice present in facility's food and/or non-food areas.
"BROCK AND COMPANY, INC.",Manhattan,10014,10/26/2022,Evidence of mice or live mice present in facility's food and/or non-food areas.
BRONX CHARTER SCHOOL FOR CHILDREN,Bronx,10454,10/12/2022,Evidence of mice or live mice present in facility's food and/or non-food areas.
"BRONX ENGINEERING AND TECHNOLOGY ACADEMY. BRONX SCHOOL OF LAW AND FINANCE, BRONX THEATRE HIGH SCHOOL",Bronx,10463,02/08/2023,Evidence of mice or live mice in establishment's food or non-food areas.
BRONX HIGH SCHOOL OF SCIENCE,Bronx,10468,01/04/2023,Evidence of mice or live mice present in facility's food and/or non-food areas.
"BRONX HS FOR WRITING & COMMUNICATION, BRONX LAB SCHOOL, HS OF COMPUTERS & TECHNOLOGY, BRONX ACADEMY",Bronx,10467,02/14/2023,Evidence of mice or live mice in establishment's food or non-food areas.
BROOKLYN EMERGING LEADERS ACADEMY CHARTER HS,Brooklyn,11221,12/21/2022,Evidence of mice or live mice in establishment's food or non-food areas.
"BROOKLYN LANDMARK ELEMENTARY SCHOOL, BROOKLYN ENVIRONEXPLORATION SCH BEES",Brooklyn,11233,10/06/2022,Evidence of rats or live rats present in facility's food and/or non-food areas.
"BROOKLYN NEW SCHOOL-PS 146 (THE), BROOKLYN SECONDARY SCHOOL FOR COLLABORATIVE STUDIES",Brooklyn,11231,10/27/2022,Evidence of mice or live mice present in facility's food and/or non-food areas.
"BROOKLYN NEW SCHOOL-PS 146 (THE), BROOKLYN SECONDARY SCHOOL FOR COLLABORATIVE STUDIES",Brooklyn,11231,10/27/2022,Evidence of mice or live mice in establishment's food or non-food areas.
BROOKLYN S.D.A. ELEMENTARY SCHOOL,Brooklyn,11230,01/20/2023,Evidence of mice or live mice present in facility's food and/or non-food areas.
"BROOKLYN STUDIO SECONDARY SCHOOL, P.S. K771",Brooklyn,11214,12/20/2022,Evidence of mice or live mice present in facility's food and/or non-food areas.
BROOKLYN URBAN GARDEN CHARTER SCHOOL,Brooklyn,11215,11/16/2022,Evidence of mice or live mice in establishment's food or non-food areas.
BROOME STREET ACADEMY CHARTER SCHOOL,Manhattan,10013,02/10/2023,Evidence of mice or live mice present in facility's food and/or non-food areas.
"BUTTER BEANS, INC.",Brooklyn,11231,03/08/2023,Evidence of mice or live mice in establishment's food or non-food areas.
CANARSIE ASCEND CHARTER SCHOOL,Brooklyn,11236,01/11/2023,Evidence of mice or live mice in establishment's food or non-food areas.
CENTRAL UTA,Brooklyn,11206,01/12/2023,Evidence of mice or live mice present in facility's food and/or non-food areas.
CENTRAL UTA,Brooklyn,11205,01/12/2023,Evidence of mice or live mice present in facility's food and/or non-food areas.
CENTRAL UTA,Brooklyn,11249,01/13/2023,Evidence of mice or live mice present in facility's food and/or non-food areas.
CENTRAL UTA,Brooklyn,11249,01/13/2023,Evidence of mice or live mice in establishment's food or non-food areas.
CHANNEL VIEW SCHOOL FOR RESEARCH - Q262,Queens,11694,11/14/2022,Evidence of mice or live mice in establishment's food or non-food areas.
CHASIDEI BELZ BETH MALKA,Brooklyn,11204,12/14/2022,Evidence of mice or live mice present in facility's food and/or non-food areas.
"CHELSEA CAREER AND TECHNICAL EDUCATION HIGH SCHOOL, I HIGH SCHOOL",Manhattan,10013,02/03/2023,Evidence of mice or live mice in establishment's food or non-food areas.
CHRIST THE KING HIGH SCHOOL,Queens,11379,10/07/2022,Evidence of mice or live mice in establishment's food or non-food areas.
CHRIST THE KING HIGH SCHOOL,Queens,11379,10/07/2022,Evidence of mice or live mice in establishment's food or non-food areas.
CHRIST THE KING SCHOOL,Bronx,10452,10/31/2022,Evidence of mice or live mice present in facility's food and/or non-food areas.
"CHRISTOPHER AVENUE COMMUNITY SCHOOL, LEADERSHIP PREP OCEAN HILL MIDDLE CS, LEADERSHIP PREPARATORY OC",Brooklyn,11212,11/07/2022,Evidence of mice or live mice in establishment's food or non-food areas.
"CLARA BARTON HIGH SCHOOL, P.S. K753 - SCHOOL FOR CAREER DEVELOPMENT",Brooklyn,11225,03/16/2023,Evidence of mice or live mice in establishment's food or non-food areas.
CONEY ISLAND PREP CHARTER SCHOOL HIGH SCHOOL,Brooklyn,11223,02/16/2023,Evidence of mice or live mice in establishment's food or non-food areas.
CONGREGATION CHASIDEI BELZ BETH MALKA,Brooklyn,11219,02/14/2023,Evidence of mice or live mice present in facility's food and/or non-food areas.
CONGREGATION CHASIDEI BELZ BETH MALKA,Brooklyn,11219,02/14/2023,Evidence of mice or live mice present in facility's food and/or non-food areas.
CONGREGATION MACHNA SHALVA,Brooklyn,11219,02/15/2023,Evidence of mice or live mice present in facility's food and/or non-food areas.
CONGREGATION MACHNA SHALVA,Brooklyn,11219,02/15/2023,Evidence of mice or live mice present in facility's food and/or non-food areas.
CONGREGATION MACHNA SHALVA,Brooklyn,11219,02/15/2023,Evidence of mice or live mice present in facility's food and/or non-food areas.
CONGREGATION MACHNA SHALVA,Brooklyn,11219,02/15/2023,Evidence of mice or live mice in establishment's food or non-food areas.
CONGREGATION MACHNA SHALVA,Brooklyn,11219,03/13/2023,Evidence of mice or live mice in establishment's food or non-food areas.
CONGREGATION MACHNA SHALVA-YESHIVA KATANA OF BOBOV-45,Brooklyn,11236,02/14/2023,Evidence of mice or live mice in establishment's food or non-food areas.
CONGREGATION MACHNA SHALVA-YESHIVA KATANA OF BOBOV-45,Brooklyn,11236,02/14/2023,Evidence of mice or live mice present in facility's food and/or non-food areas.
CONGREGATION YESHIVA BEIS CHAYA MUSURA,Brooklyn,11213,02/14/2023,Evidence of mice or live mice in establishment's food or non-food areas.
CORLEARS SCHOOL,Manhattan,10011,10/17/2022,Evidence of mice or live mice in establishment's food or non-food areas.
CREO COLLEGE PREP MIDDLE SCHOOL,Bronx,10451,01/26/2023,Evidence of mice or live mice present in facility's food and/or non-food areas.
CREO COLLEGE PREP MIDDLE SCHOOL,Bronx,10451,01/26/2023,Evidence of mice or live mice in establishment's food or non-food areas.
DARCHAI MENACHEM INC,Brooklyn,11203,01/24/2023,Evidence of mice or live mice present in facility's food and/or non-food areas.
DE WITT CLINTON HIGH SCHOOL,Bronx,10468,03/09/2023,Evidence of mice or live mice present in facility's food and/or non-food areas.
DIVINE MERCY CATHOLIC ACADEMY,Queens,11416,11/22/2022,Evidence of mice or live mice in establishment's food or non-food areas.
DOS AMIGOS SCHOOL IN THE SQUARE,Manhattan,10034,12/16/2022,Evidence of mice or live mice present in facility's food and/or non-food areas.
"EAST NEW YORK ELEMENTARY SCHOOL OF EXCELLENCE, P.S. K004, EAST NEW YORK MIDDLE SCHOOL OF EXCELLENCE",Brooklyn,11208,03/23/2023,Evidence of mice or live mice in establishment's food or non-food areas.
"EAST NEW YORK ELEMENTARY SCHOOL OF EXCELLENCE, P.S. K004, EAST NEW YORK MIDDLE SCHOOL OF EXCELLENCE",Brooklyn,11208,03/23/2023,Evidence of mice or live mice in establishment's food or non-food areas.
"EAST SIDE MIDDLE SCHOOL, P.S. 138 @ IS 114M",Manhattan,10128,02/07/2023,Evidence of mice or live mice in establishment's food or non-food areas.
"EDWARD R. MURROW HIGH SCHOOL, PATHWAYS TO GRADUATION @ EDWARD R. MURROW HIGH SCHOOL, P.S. K811 CONNI",Brooklyn,11230,12/08/2022,Evidence of mice or live mice in establishment's food or non-food areas.
"EDWARD R. MURROW HIGH SCHOOL, PATHWAYS TO GRADUATION @ EDWARD R. MURROW HIGH SCHOOL, P.S. K811 CONNI",Brooklyn,11230,12/08/2022,Evidence of mice or live mice present in facility's food and/or non-food areas.
EISEK HATORAH,Brooklyn,11236,02/14/2023,Evidence of mice or live mice in establishment's food or non-food areas.
EISEK HATORAH,Brooklyn,11236,02/14/2023,Evidence of mice or live mice present in facility's food and/or non-food areas.
"ELLA BAKER SCHOOL, P.S. M226, URBAN ACADEMY LABORATORY HIGH SCHOOL, VANGUARD HIGH SCHOOL, MANHATTAN",Manhattan,10065,03/10/2023,Evidence of mice or live mice present in facility's food and/or non-food areas.
FIELDSTON SCHOOL-UPPER,Bronx,10471,12/08/2022,Evidence of mice or live mice in establishment's food or non-food areas.
FLATBUSH S.D.A. SCHOOL,Brooklyn,11203,01/13/2023,Evidence of mice or live mice in establishment's food or non-food areas.
FLATBUSH S.D.A. SCHOOL,Brooklyn,11203,01/13/2023,Evidence of mice or live mice present in facility's food and/or non-food areas.
FLIK INTERNATIONAL CORP.,Manhattan,10010,11/10/2022,Evidence of mice or live mice in establishment's food or non-food areas.
FLIK INTERNATIONAL CORP.,Manhattan,10010,11/10/2022,Evidence of mice or live mice present in facility's food and/or non-food areas.
"FRANKLIN DELANO ROOSEVELT HIGH SCHOOL, FRANKLIN DELANO ROOSEVELT YABC",Brooklyn,11204,12/14/2022,Evidence of mice or live mice present in facility's food and/or non-food areas.
"FRANKLIN K. LANE CAMPUS YABC, P2G AT FRANKLIN K LANE, MULTICULTURAL HIGH SCH, ACADEMY OF INNOVATIVE",Brooklyn,11208,10/21/2022,Evidence of mice or live mice in establishment's food or non-food areas.
"FREDERICK DOUGLASS ACADEMY VI HIGH SCHOOL, KNOWLEDGE AND POWER PREPARATORY ACADEMY VI, ACADEMY OF ME",Queens,11691,03/06/2023,Evidence of mice or live mice present in facility's food and/or non-food areas.
"FREDERICK DOUGLASS ACADEMY VI HIGH SCHOOL, KNOWLEDGE AND POWER PREPARATORY ACADEMY VI, ACADEMY OF ME",Queens,11691,03/06/2023,Evidence of mice or live mice in establishment's food or non-food areas.
GARDEN SCHOOL,Queens,11372,03/23/2023,Evidence of mice or live mice in establishment's food or non-food areas.
GARDEN SCHOOL,Queens,11372,03/23/2023,Evidence of mice or live mice present in facility's food and/or non-food areas.
GARDEN SCHOOL,Queens,11372,03/23/2023,Evidence of mice or live mice in establishment's food or non-food areas.
GED - P2G - YOUTH BUILD-QUEENS,Queens,11367,01/09/2023,Evidence of mice or live mice present in facility's food and/or non-food areas.
GED PLUS - CITYWIDE,Brooklyn,11207,12/15/2022,Evidence of mice or live mice in establishment's food or non-food areas.
GED PLUS - CITYWIDE,Brooklyn,11208,12/12/2022,Evidence of mice or live mice in establishment's food or non-food areas.
GEORGE JACKSON ACADEMY,Manhattan,10009,01/23/2023,Evidence of mice or live mice in establishment's food or non-food areas.
GERER YESHIVA/MESIVTA BAIS YISROEL,Brooklyn,11204,01/11/2023,Evidence of mice or live mice present in facility's food and/or non-food areas.
"GIRLS PREPARATORY CHARTER SCHOOL OF NEW YORK, EAST SIDE COMMUNITY SCHOOL",Manhattan,10009,10/17/2022,Evidence of mice or live mice present in facility's food and/or non-food areas.
GOOD SHEPHERD SCHOOL,Manhattan,10034,10/26/2022,Evidence of mice or live mice present in facility's food and/or non-food areas.
GOOD SHEPHERD SCHOOL,Manhattan,10034,10/26/2022,Evidence of mice or live mice in establishment's food or non-food areas.
"GOTHAM TECH HIGH SCHOOL, NEWCOMERS HIGH SCHOOL",Queens,11101,10/28/2022,Evidence of mice or live mice in establishment's food or non-food areas.
GREAT OAKS ELEMENTARY SCHOOL,Brooklyn,11203,01/26/2023,Evidence of mice or live mice in establishment's food or non-food areas.
GREAT OAKS ELEMENTARY SCHOOL,Brooklyn,11203,01/26/2023,Evidence of mice or live mice present in facility's food and/or non-food areas.
GREAT OAKS ELEMENTARY SCHOOL,Brooklyn,11203,01/26/2023,Evidence of mice or live mice present in facility's food and/or non-food areas.
GREEK AMERICAN INSTITUTE OF NEW YORK,Bronx,10461,12/07/2022,Evidence of mice or live mice in establishment's food or non-food areas.
HARLEM CHILDREN'S ZONE CHARTER SCHOOL,Manhattan,10035,12/13/2022,Evidence of mice or live mice present in facility's food and/or non-food areas.
"HARVEST COLLEGIATE HIGH SCHOOL, P721M @ LEGACY HS",Manhattan,10011,02/16/2023,Evidence of mice or live mice in establishment's food or non-food areas.
HERBERT H. LEHMAN HIGH SCHOOL,Bronx,10461,12/02/2022,Evidence of mice or live mice present in facility's food and/or non-food areas.
HIGH SCHOOL OF ECONOMICS AND FINANCE,Manhattan,10006,03/06/2023,Evidence of mice or live mice in establishment's food or non-food areas.
I.S. 027 ANNING S. PRALL,Staten Island,10310,03/07/2023,Evidence of mice or live mice in establishment's food or non-food areas.
I.S. 027 ANNING S. PRALL,Staten Island,10310,03/07/2023,Evidence of mice or live mice present in facility's food and/or non-food areas.
"I.S. 059 SPRINGFIELD GARDENS, SUCCESS ACADEMY CHARTER SCHOOL - SPRINGFIELD GARDENS",Queens,11413,10/11/2022,Evidence of mice or live mice in establishment's food or non-food areas.
"I.S. 061 WILLIAM A MORRIS, P373R AT R061, P025R AT R061",Staten Island,10301,11/21/2022,Evidence of mice or live mice in establishment's food or non-food areas.
"I.S. 068 ISAAC BILDERSEE, EXPLORE EXCEL CHARTER SCHOOL - UPPER",Brooklyn,11236,01/20/2023,Evidence of mice or live mice in establishment's food or non-food areas.
"I.S. 068 ISAAC BILDERSEE, EXPLORE EXCEL CHARTER SCHOOL - UPPER",Brooklyn,11236,01/20/2023,Evidence of mice or live mice present in facility's food and/or non-food areas.
I.S. 072 ROCCO LAURIE,Staten Island,10314,11/01/2022,Evidence of mice or live mice in establishment's food or non-food areas.
"I.S. 096 SETH LOW, SUCCESS ACADEMY CHARTER SCHOOL - BENSONHURST",Brooklyn,11204,10/06/2022,Evidence of mice or live mice in establishment's food or non-food areas.
"I.S. 096 SETH LOW, SUCCESS ACADEMY CHARTER SCHOOL - BENSONHURST",Brooklyn,11204,10/06/2022,Evidence of mice or live mice present in facility's food and/or non-food areas.
I.S. 141 THE STEINWAY,Queens,11105,02/28/2023,Evidence of mice or live mice in establishment's food or non-food areas.
I.S. 141 THE STEINWAY,Queens,11105,02/28/2023,Evidence of mice or live mice in establishment's food or non-food areas.
I.S. 145 BRONX,Bronx,10456,03/22/2023,Evidence of mice or live mice in establishment's food or non-food areas.
"I.S. 204 OLIVER W. HOLMES, ENERGY TECH HIGH SCHOOL",Queens,11106,01/27/2023,Evidence of mice or live mice in establishment's food or non-food areas.
"I.S. 204 OLIVER W. HOLMES, ENERGY TECH HIGH SCHOOL",Queens,11106,01/27/2023,Evidence of mice or live mice present in facility's food and/or non-food areas.
I.S. 226 QUEENS,Queens,11420,10/25/2022,Evidence of mice or live mice in establishment's food or non-food areas.
"I.S. 227 LOUIS ARMSTRONG, P.S. Q811",Queens,11369,01/26/2023,Evidence of mice or live mice in establishment's food or non-food areas.
"I.S. 227 LOUIS ARMSTRONG, P.S. Q811",Queens,11369,01/26/2023,Evidence of mice or live mice present in facility's food and/or non-food areas.
"I.S. 227 LOUIS ARMSTRONG, P.S. Q811",Queens,11369,01/26/2023,Evidence of mice or live mice in establishment's food or non-food areas.
I.S. 230,Queens,11372,03/23/2023,Evidence of mice or live mice in establishment's food or non-food areas.
I.S. 230,Queens,11372,03/23/2023,Evidence of mice or live mice in establishment's food or non-food areas.
"I.S. 30 MARY WHITE OVINGTON, P231K @ PS/IS 30 MARY WHITE OVINGTON",Brooklyn,11209,03/03/2023,Evidence of mice or live mice in establishment's food or non-food areas.
"I.S. 303 HERBERT S. EISENBERG, P771K @ IS 303 HERBERT S. EISENBERG, RACHEL CARSON SCHOOL FOR COASTAL",Brooklyn,11224,03/16/2023,Evidence of mice or live mice in establishment's food or non-food areas.
I.S. 340,Brooklyn,11238,02/08/2023,Evidence of mice or live mice present in facility's food and/or non-food areas.
"I.S. 347 SCHOOL OF HUMANITIES, I.S. 349 MATH, SCIENCE & TECH.",Brooklyn,11221,09/15/2022,Evidence of mice or live mice present in facility's food and/or non-food areas.
I.S. 98 BAY ACADEMY,Brooklyn,11235,11/04/2022,Evidence of mice or live mice present in facility's food and/or non-food areas.
I.S. 98 BAY ACADEMY,Brooklyn,11235,11/04/2022,Evidence of mice or live mice in establishment's food or non-food areas.
"ICAHN CHARTER SCHOOL 5, ICAHN CHARTER SCHOOL 4, ICAHN CHARTER SCHOOL 3",Bronx,10461,12/15/2022,Evidence of mice or live mice in establishment's food or non-food areas.
IMAGINE ME LEADERSHIP CHARTER SCHOOL,Brooklyn,11207,03/01/2023,Evidence of mice or live mice in establishment's food or non-food areas.
IMMACULATE CONCEPTION SCHOOL,Bronx,10467,11/23/2022,Evidence of mice or live mice in establishment's food or non-food areas.
"IN-TECH ACADEMY (M.S. / HIGH SCHOOL 368), P.S. X721 - STEPHEN MCSWEENEY SCHOOL",Bronx,10463,02/28/2023,Evidence of mice or live mice in establishment's food or non-food areas.
"INDEPENDENCE HIGH SCHOOL, LYFE [BABIES], HIGH SCHOOL FOR ENVIRONMENTAL STUDIES",Manhattan,10019,01/24/2023,Evidence of mice or live mice present in facility's food and/or non-food areas.
"INDEPENDENCE HIGH SCHOOL, LYFE [BABIES], HIGH SCHOOL FOR ENVIRONMENTAL STUDIES",Manhattan,10019,01/24/2023,Evidence of mice or live mice in establishment's food or non-food areas.
"INSTITUTE FOR ENVIRONMENTAL LEARNING - P.S. 291, P.S. X015",Bronx,10453,02/07/2023,Evidence of mice or live mice in establishment's food or non-food areas.
INTERNATIONAL ART AND BUSINESS HS,Brooklyn,11203,03/22/2023,Evidence of mice or live mice in establishment's food or non-food areas.
"IT TAKES A VILLAGE ACADEMY, CULTURAL ACADEMY FOR THE ARTS AND SCIENCES, KURT HAHN EXPEDITIONARY LEAR",Brooklyn,11203,01/23/2023,Evidence of mice or live mice in establishment's food or non-food areas.
IVAN LAFAYETTE EARLY CHILDHOOD SCHOOL OF THE ARTS (THE),Queens,11369,10/31/2022,Evidence of mice or live mice in establishment's food or non-food areas.
"J.H.S. 057 WHITELAW REID, THE BROOKLYN ACADEMY OF GLOBAL FINAN",Brooklyn,11221,09/15/2022,Evidence of mice or live mice present in facility's food and/or non-food areas.
J.H.S. 067 LOUIS PASTEUR,Queens,11362,02/09/2023,Evidence of mice or live mice present in facility's food and/or non-food areas.
"J.H.S. 078 ROY H. MANN, SUCCESS ACADEMY CS - BERGEN BEACH",Brooklyn,11234,03/23/2023,Evidence of mice or live mice in establishment's food or non-food areas.
J.H.S. 104 SIMON BARUCH,Manhattan,10010,11/07/2022,Evidence of mice or live mice in establishment's food or non-food areas.
"J.H.S. 127 THE CASTLE HILL, LINDEN TREE ELEMENTARY SCHOOL",Bronx,10462,10/06/2022,Evidence of mice or live mice present in facility's food and/or non-food areas.
"J.H.S. 189 DANIEL CARTER BEARD, FLUSHING INTERNATIONAL HIGH SCHOOL",Queens,11355,02/13/2023,Evidence of mice or live mice in establishment's food or non-food areas.
"J.H.S. 202 ROBERT H. GODDARD, ROBERT H. GODDARD HIGH SCHOOL OF COMMUNICATION ARTS AND TECHNOLOGY",Queens,11417,10/13/2022,Evidence of mice or live mice in establishment's food or non-food areas.
J.H.S. 210 ELIZABETH BLACKWELL,Queens,11416,02/27/2023,Evidence of mice or live mice in establishment's food or non-food areas.
J.H.S. 216 GEORGE J. RYAN,Queens,11365,02/01/2023,Evidence of mice or live mice in establishment's food or non-food areas.
J.H.S. 216 GEORGE J. RYAN,Queens,11365,02/01/2023,Evidence of mice or live mice in establishment's food or non-food areas.
"J.H.S. 223 THE MONTAUK, URBAN ASSEMBLY SCHOOL FOR CRIMINAL JUSTICE",Brooklyn,11204,12/14/2022,Evidence of mice or live mice present in facility's food and/or non-food areas.
J.H.S. 234 ARTHUR W. CUNNINGHAM,Brooklyn,11229,03/17/2023,Evidence of mice or live mice present in facility's food and/or non-food areas.
"J.H.S. 291 ROLAND HAYES, MATH, ENGIN.& SCIENCE ACADEMY CHS, BUSHWICK COMMUNITY HIGH SCHOOL",Brooklyn,11221,03/08/2023,Evidence of mice or live mice in establishment's food or non-food areas.
"J.H.S. 291 ROLAND HAYES, MATH, ENGIN.& SCIENCE ACADEMY CHS, BUSHWICK COMMUNITY HIGH SCHOOL",Brooklyn,11221,03/08/2023,Evidence of mice or live mice present in facility's food and/or non-food areas.
J.H.S. 293 BROOKLYN,Brooklyn,11201,01/18/2023,Evidence of mice or live mice in establishment's food or non-food areas.
J.H.S. 98,Bronx,10460,02/03/2023,Evidence of rats or live rats in establishment's food or non-food areas.
JACQUELINE KENNEDY ONASSIS HIGH SCHOOL,Manhattan,10036,10/14/2022,Evidence of mice or live mice in establishment's food or non-food areas.
"JAMES BALDWIN SCHOOL, THE: A SCHOOL FOR EXPEDITIONARY LEARNING, MANHATTAN BUSINESS ACADEMY, QUEST TO",Manhattan,10011,03/06/2023,Evidence of mice or live mice in establishment's food or non-food areas.
"JEAN NUZZI INTERMEDIATE SCHOOL, JEAN NUZZI INTERMEDIATE SCHOOL",Queens,11428,03/08/2023,Evidence of mice or live mice present in facility's food and/or non-food areas.
JOEL BRAVERMAN H. S.,Brooklyn,11230,12/01/2022,Evidence of mice or live mice in establishment's food or non-food areas.
JOHN BOWNE HIGH SCHOOL,Queens,11367,03/14/2023,Evidence of mice or live mice in establishment's food or non-food areas.
"JOHN DEWEY HIGH SCHOOL, P.S. K721 @ JOHN DEWEY HS",Brooklyn,11223,12/19/2022,Evidence of mice or live mice present in facility's food and/or non-food areas.
"JOHN ERICSSON MIDDLE SCHOOL 126, NORTHSIDE CHARTER HIGH SCHOOL",Brooklyn,11222,02/08/2023,Evidence of mice or live mice present in facility's food and/or non-food areas.
"JOHN ERICSSON MIDDLE SCHOOL 126, NORTHSIDE CHARTER HIGH SCHOOL",Brooklyn,11222,02/08/2023,Evidence of mice or live mice in establishment's food or non-food areas.
"JOHN ERICSSON MIDDLE SCHOOL 126, NORTHSIDE CHARTER HIGH SCHOOL",Brooklyn,11222,02/08/2023,Evidence of mice or live mice in establishment's food or non-food areas.
JOHN F. KENNEDY JR. SCHOOL,Queens,11373,03/13/2023,Evidence of mice or live mice present in facility's food and/or non-food areas.
JOHN F. KENNEDY JR. SCHOOL,Queens,11373,03/13/2023,Evidence of mice or live mice in establishment's food or non-food areas.
JOHN F. KENNEDY JR. SCHOOL,Queens,11373,03/13/2023,Evidence of mice or live mice present in facility's food and/or non-food areas.
JOHN F. KENNEDY JR. SCHOOL,Queens,11373,03/13/2023,Evidence of mice or live mice in establishment's food or non-food areas.
JUDITH KAYE HIGH SCHOOL,Manhattan,10128,09/20/2022,Evidence of mice or live mice in establishment's food or non-food areas.
"KIPP AMP ELEMENTARY CHARTER SCHOOL, KIPP AMP CHARTER SCHOOL, THE SCHOOL OF INTEGRATED LEARNING",Brooklyn,11213,03/08/2023,Evidence of mice or live mice in establishment's food or non-food areas.
LEAGUE SCHOOL,Brooklyn,11203,11/17/2022,Evidence of mice or live mice in establishment's food or non-food areas.
LEAGUE SCHOOL,Brooklyn,11203,11/17/2022,Evidence of mice or live mice present in facility's food and/or non-food areas.
LIBERTY HIGH SCHOOL ACADEMY FOR NEWCOMERS,Manhattan,10011,02/16/2023,Evidence of mice or live mice present in facility's food and/or non-food areas.
LIBERTY HIGH SCHOOL ACADEMY FOR NEWCOMERS,Manhattan,10011,02/16/2023,Evidence of mice or live mice in establishment's food or non-food areas.
"M.S. 035 STEPHEN DECATUR, BROOKLYN BROWNSTONE SCHOOL, P.S. K141",Brooklyn,11233,10/06/2022,Evidence of mice or live mice in establishment's food or non-food areas.
"M.S. 113 RONALD EDMONDS LEARNING CENTER, COMPASS CHARTER SCHOOL, P.S. 372 -THE CHILDREN'S SCHOOL",Brooklyn,11205,02/27/2023,Evidence of mice or live mice in establishment's food or non-food areas.
M.S. 137 AMERICA'S SCHOOL OF HEROES,Queens,11417,03/01/2023,Evidence of mice or live mice present in facility's food and/or non-food areas.
"M.S. 246 WALT WHITMAN, SUCCESS ACADEMY CHARTER SCHOOL DITMAS PARK MIDDLE SCHOOL",Brooklyn,11226,10/28/2022,Evidence of mice or live mice in establishment's food or non-food areas.
"M.S. 267 MATH, SCIENCE & TECHNOLOGY, LA CIMA CHARTER SCHOOL, BEDFORD STUYVESANT COLLEGIATE CHARTER S",Brooklyn,11221,03/16/2023,Evidence of mice or live mice in establishment's food or non-food areas.
M.S. 51 WILLIAM ALEXANDER,Brooklyn,11215,10/17/2022,Evidence of mice or live mice present in facility's food and/or non-food areas.
M.S. 51 WILLIAM ALEXANDER,Brooklyn,11215,10/17/2022,Evidence of rats or live rats present in facility's food and/or non-food areas.
"M.S. K394, EXPLORE EMPOWER CHARTER SCHOOL",Brooklyn,11213,09/20/2022,Evidence of mice or live mice present in facility's food and/or non-food areas.
"M.S. M245 THE COMPUTER SCHOOL, THE ANDERSON SCHOOL, M.S. M247 DUAL LANGUAGE MIDDLE SCHOOL",Manhattan,10024,02/06/2023,Evidence of mice or live mice in establishment's food or non-food areas.
"MAGNET SCHOOL OF MATH, SCIENCE AND DESIGN TECHNOLOGY",Brooklyn,11215,09/30/2022,Evidence of mice or live mice in establishment's food or non-food areas.
"MAGNET SCHOOL OF MATH, SCIENCE AND DESIGN TECHNOLOGY",Brooklyn,11215,09/30/2022,Evidence of mice or live mice present in facility's food and/or non-food areas.
MANHATTAN COUNTRY SCHOOL,Manhattan,10024,01/30/2023,Evidence of mice or live mice in establishment's food or non-food areas.
MANHATTAN COUNTRY SCHOOL,Manhattan,10024,01/30/2023,Evidence of mice or live mice present in facility's food and/or non-food areas.
MANHATTAN COUNTRY SCHOOL,Manhattan,10024,01/30/2023,Evidence of mice or live mice present in facility's food and/or non-food areas.
MANHATTAN COUNTRY SCHOOL,Manhattan,10024,01/30/2023,Evidence of mice or live mice in establishment's food or non-food areas.
MARTIN LUTHER SCHOOL,Queens,11378,01/06/2023,Evidence of mice or live mice present in facility's food and/or non-food areas.
MERIWETHER-GODSEY FRIENDS SEMINARY SCHOOL,Manhattan,10003,01/25/2023,Evidence of mice or live mice in establishment's food or non-food areas.
MERRICK ACADEMY - QUEENS PUBLIC CHARTER SCHOOL,Queens,11413,10/11/2022,Evidence of mice or live mice present in facility's food and/or non-food areas.
MESIVTA NACHLAS YAKOV OF ADAS YEREIM,Brooklyn,11211,02/16/2023,Evidence of mice or live mice in establishment's food or non-food areas.
MESIVTA TIFERETH JERUSALEM,Manhattan,,03/23/2023,Evidence of rats or live rats in establishment's food or non-food areas.
MESIVTA TIFERETH JERUSALEM,Manhattan,,03/23/2023,Evidence of mice or live mice in establishment's food or non-food areas.
MESIVTA TIFERETH JERUSALEM,Manhattan,,03/23/2023,Evidence of mice or live mice in establishment's food or non-food areas.
MESIVTA TIFERETH JERUSALEM,Manhattan,,03/23/2023,Evidence of mice or live mice present in facility's food and/or non-food areas.
MESIVTA TIFERETH JERUSALEM,Manhattan,,03/23/2023,Evidence of rats or live rats in establishment's food or non-food areas.
MESIVTA TIFERETH JERUSALEM,Manhattan,,03/23/2023,Evidence of mice or live mice in establishment's food or non-food areas.
MESIVTA TIFERETH JERUSALEM,Manhattan,,03/23/2023,Evidence of mice or live mice present in facility's food and/or non-food areas.
MESIVTA TIFERETH JERUSALEM,Manhattan,,03/23/2023,Evidence of mice or live mice present in facility's food and/or non-food areas.
MESIVTA TIFERETH JERUSALEM,Manhattan,,03/23/2023,Evidence of mice or live mice in establishment's food or non-food areas.
MESIVTA TIFERETH JERUSALEM,Manhattan,,03/23/2023,Evidence of mice or live mice in establishment's food or non-food areas.
METROPOLITAN MONTESSORI SCHOOL,Manhattan,10024,11/29/2022,Evidence of mice or live mice in establishment's food or non-food areas.
"MIDDLE SCHOOL FOR ART AND PHILOSOPHY, KINGS COLLEGIATE CHARTER SCHOOL",Brooklyn,11212,12/22/2022,Evidence of mice or live mice in establishment's food or non-food areas.
"MIDDLE SCHOOL FOR ART AND PHILOSOPHY, KINGS COLLEGIATE CHARTER SCHOOL",Brooklyn,11212,12/22/2022,Evidence of mice or live mice present in facility's food and/or non-food areas.
"MIDDLE SCHOOL FOR ART AND PHILOSOPHY, KINGS COLLEGIATE CHARTER SCHOOL",Brooklyn,11212,12/22/2022,Evidence of mice or live mice present in facility's food and/or non-food areas.
"MIDDLE SCHOOL FOR ART AND PHILOSOPHY, KINGS COLLEGIATE CHARTER SCHOOL",Brooklyn,11212,12/22/2022,Evidence of mice or live mice present in facility's food and/or non-food areas.
MONSIGNOR FARELL HIGH SCHOOL,Staten Island,10306,03/07/2023,Evidence of mice or live mice in establishment's food or non-food areas.
MOORE CATHOLIC HIGH SCHOOL,Staten Island,10314,01/10/2023,Evidence of mice or live mice in establishment's food or non-food areas.
MOSDOS CHASIDA SQUARE T.T.Y.,Brooklyn,11206,01/12/2023,Evidence of mice or live mice present in facility's food and/or non-food areas.
MOSDOS CHASIDA SQUARE T.T.Y.,Brooklyn,11206,01/12/2023,Evidence of mice or live mice present in facility's food and/or non-food areas.
MOSDOS CHASIDA SQUARE T.T.Y.,Brooklyn,11206,01/12/2023,Evidence of mice or live mice present in facility's food and/or non-food areas.
MOSDOS CHASIDEI SQUARE,Brooklyn,11219,09/23/2022,Evidence of mice or live mice present in facility's food and/or non-food areas.
MOSDOS CHASIDEI SQUARE,Brooklyn,11219,09/23/2022,Evidence of mice or live mice present in facility's food and/or non-food areas.
MOSDOS CHASIDEI SQUARE,Brooklyn,11219,09/23/2022,Evidence of mice or live mice present in facility's food and/or non-food areas.
MOSDOS CHASIDEI SQUARE,Brooklyn,11219,09/23/2022,Evidence of mice or live mice in establishment's food or non-food areas.
MOSDOS SATMAR BP (BOYS,Brooklyn,11218,02/13/2023,Evidence of mice or live mice present in facility's food and/or non-food areas.
MOSDOS SATMAR BP (BOYS,Brooklyn,11218,02/13/2023,Evidence of mice or live mice in establishment's food or non-food areas.
MOSS OUTPOST AT SAR HIGH SCHOOL,Bronx,10471,03/20/2023,Evidence of mice or live mice in establishment's food or non-food areas.
MOSS OUTPOST AT SAR HIGH SCHOOL,Bronx,10471,03/20/2023,Evidence of mice or live mice present in facility's food and/or non-food areas.
"MOTT HALL IV, OCEAN HILL COLLEGIATE CHARTER SCHOOL, EAGLE ACADEMY FOR YOUNG MEN II",Brooklyn,11233,02/28/2023,Evidence of mice or live mice in establishment's food or non-food areas.
MOUNT ST. MICHAEL ACADEMY,Bronx,10466,01/03/2023,Evidence of mice or live mice in establishment's food or non-food areas.
"MS 297, P751M AT M323",Manhattan,10014,02/02/2023,Evidence of mice or live mice present in facility's food and/or non-food areas.
"MS 297, P751M AT M323",Manhattan,10014,02/02/2023,Evidence of mice or live mice in establishment's food or non-food areas.
"MS 297, P751M AT M323",Manhattan,10014,02/02/2023,Evidence of mice or live mice in establishment's food or non-food areas.
"N.Y.C. LAB SCHOOL FOR COLLABORATIVE STUDIES, N.Y.C. MUSEUM SCHOOL, NEW YORK CITY LAB MIDDLE SCHOOL F",Manhattan,10011,02/15/2023,Evidence of mice or live mice in establishment's food or non-food areas.
"N.Y.C. LAB SCHOOL FOR COLLABORATIVE STUDIES, N.Y.C. MUSEUM SCHOOL, NEW YORK CITY LAB MIDDLE SCHOOL F",Manhattan,10011,02/15/2023,Evidence of mice or live mice in establishment's food or non-food areas.
NAZARETH REGIONAL HIGH SCHOOL,Brooklyn,11203,01/24/2023,Evidence of mice or live mice in establishment's food or non-food areas.
NESIVOS BAIS YAAKOV,Brooklyn,11218,12/14/2022,Evidence of mice or live mice present in facility's food and/or non-food areas.
NESIVOS BAIS YAAKOV,Brooklyn,11218,12/14/2022,Evidence of mice or live mice present in facility's food and/or non-food areas.
NEW COVENANT CHRISTIAN SCHOOL,Bronx,10469,11/18/2022,Evidence of mice or live mice in establishment's food or non-food areas.
NEW COVENANT CHRISTIAN SCHOOL(Enter kitchen 1179 Boston Road Pre K),Bronx,10456,12/09/2022,Evidence of mice or live mice present in facility's food and/or non-food areas.
NEW COVENANT CHRISTIAN SCHOOL(Enter kitchen 1179 Boston Road Pre K),Bronx,10456,12/09/2022,Evidence of mice or live mice in establishment's food or non-food areas.
"NEW DESIGN MIDDLE SCHOOL, KIPP INFINITY CHARTER SCH, KIPP STAR HARLEM COLLEGE PREP ELEMENTARY SCHOOL",Manhattan,10027,02/01/2023,Evidence of mice or live mice in establishment's food or non-food areas.
"NEW DORP HIGH SCHOOL, SOUTH RICHMOND HIGH SCHOOL I.S./P.S. 25, THE RICHARD H. HUNGERFORD SCHOOL",Staten Island,10306,10/07/2022,Evidence of mice or live mice in establishment's food or non-food areas.
NEW WORLD PREP CHARTER SCHOOL,Staten Island,10314,02/15/2023,Evidence of mice or live mice present in facility's food and/or non-food areas.
NEW WORLD PREPARATORY SCHOOL,Staten Island,10303,01/17/2023,Evidence of mice or live mice in establishment's food or non-food areas.
"NORTH BRONX SCHOOL OF EMPOWERMENT, LEADERS OF TOMORROW",Bronx,10467,10/03/2022,Evidence of mice or live mice in establishment's food or non-food areas.
OHOLEI TORA,Brooklyn,11213,03/23/2023,Evidence of mice or live mice in establishment's food or non-food areas.
OHOLEI TORAH,Brooklyn,11236,03/20/2023,Evidence of mice or live mice in establishment's food or non-food areas.
OHOLEI TORAH,Brooklyn,11236,03/20/2023,Evidence of mice or live mice in establishment's food or non-food areas.
OHOLEI TORAH ELEMENTARY,Brooklyn,11213,10/03/2022,Evidence of mice or live mice present in facility's food and/or non-food areas.
OUR LADY OF HOPE CATHOLIC ACADEMY,Queens,11379,10/27/2022,Evidence of mice or live mice present in facility's food and/or non-food areas.
OUR LADY OF MOUNT CARMEL SCHOOL,Bronx,10458,12/06/2022,Evidence of mice or live mice in establishment's food or non-food areas.
OUR LADY OF MOUNT CARMEL SCHOOL,Bronx,10458,12/06/2022,Evidence of mice or live mice present in facility's food and/or non-food areas.
OUR LADY QUEEN OF MARTYRS SCHOOL,Manhattan,10040,03/15/2023,Evidence of mice or live mice in establishment's food or non-food areas.
OUR LADY QUEEN OF MARTYRS SCHOOL,Manhattan,10040,03/15/2023,Evidence of mice or live mice present in facility's food and/or non-food areas.
OUR LADY QUEEN OF MARTYRS SCHOOL,Manhattan,10040,03/15/2023,Evidence of mice or live mice in establishment's food or non-food areas.
OUR LADY QUEEN OF MARTYRS SCHOOL,Manhattan,10040,03/15/2023,Evidence of mice or live mice in establishment's food or non-food areas.
"P.S. / I.S. 208, P.S. Q993",Queens,11426,03/10/2023,Evidence of mice or live mice in establishment's food or non-food areas.
"P.S. / I.S. 208, P.S. Q993",Queens,11426,03/10/2023,Evidence of mice or live mice in establishment's food or non-food areas.
P.S. / I.S. 54,Bronx,10458,02/14/2023,Evidence of mice or live mice in establishment's food or non-food areas.
P.S. 001 ALFRED E. SMITH,Manhattan,10038,09/29/2022,Evidence of mice or live mice present in facility's food and/or non-food areas.
P.S. 003 CHARRETTE SCHOOL,Manhattan,10014,02/16/2023,Evidence of mice or live mice in establishment's food or non-food areas.
"P.S. 005 DR. RONALD MCNAIR, P140K AT K005",Brooklyn,11233,02/10/2023,Evidence of mice or live mice in establishment's food or non-food areas.
"P.S. 005 DR. RONALD MCNAIR, P140K AT K005",Brooklyn,11233,02/10/2023,Evidence of mice or live mice present in facility's food and/or non-food areas.
P.S. 009 TEUNIS G. BERGEN,Brooklyn,11238,03/03/2023,Evidence of mice or live mice in establishment's food or non-food areas.
"P.S. 011 KATHRYN PHELAN, P.S. Q255",Queens,11377,12/06/2022,Evidence of mice or live mice present in facility's food and/or non-food areas.
"P.S. 011 KATHRYN PHELAN, P.S. Q255",Queens,11377,12/06/2022,Evidence of mice or live mice in establishment's food or non-food areas.
P.S. 011 WILLIAM T. HARRIS,Manhattan,10011,02/15/2023,Evidence of mice or live mice in establishment's food or non-food areas.
"P.S. 013 ROBERTO CLEMENTE, ACHIEVEMENT FIRST EAST NEW YORK CHARTER SCHOOL",Brooklyn,11207,11/04/2022,Evidence of mice or live mice in establishment's food or non-food areas.
P.S. 014 FAIRVIEW,Queens,11368,03/09/2023,Evidence of mice or live mice in establishment's food or non-food areas.
P.S. 015 PATRICK F. DALY,Brooklyn,11231,10/04/2022,Evidence of mice or live mice in establishment's food or non-food areas.
P.S. 018 WINCHESTER,Queens,11427,12/14/2022,Evidence of mice or live mice present in facility's food and/or non-food areas.
P.S. 019 ASHER LEVY,Manhattan,10003,01/25/2023,Evidence of mice or live mice present in facility's food and/or non-food areas.
P.S. 019 ASHER LEVY,Manhattan,10003,01/25/2023,Evidence of mice or live mice in establishment's food or non-food areas.
P.S. 019 MARINO JEANTET,Queens,11368,03/09/2023,Evidence of mice or live mice in establishment's food or non-food areas.
"P.S. 021 CRISPUS ATTUCKS, P140K @ PS 77K ANNEX",Brooklyn,11233,10/14/2022,Evidence of mice or live mice in establishment's food or non-food areas.
"P.S. 023 CARTER G. WOODSON, BROOKLYN CHARTER SCHOOL",Brooklyn,11206,02/08/2023,Evidence of mice or live mice in establishment's food or non-food areas.
P.S. 024,Brooklyn,11232,03/21/2023,Evidence of mice or live mice in establishment's food or non-food areas.
P.S. 024 ANDREW JACKSON,Queens,11355,02/07/2023,Evidence of mice or live mice in establishment's food or non-food areas.
"P.S. 030 HERNANDEZ/HUGHES, HARLEM SUCCESS ACADEMY 2 CHARTER SCHOOL, P.S. 138",Manhattan,,02/15/2023,Evidence of mice or live mice present in facility's food and/or non-food areas.
"P.S. 030 HERNANDEZ/HUGHES, HARLEM SUCCESS ACADEMY 2 CHARTER SCHOOL, P.S. 138",Manhattan,,02/15/2023,Evidence of mice or live mice in establishment's food or non-food areas.
P.S. 030 WESTERLEIGH,Staten Island,10314,03/07/2023,Evidence of mice or live mice present in facility's food and/or non-food areas.
P.S. 031 SAMUEL F. DUPONT,Brooklyn,11222,11/28/2022,Evidence of mice or live mice present in facility's food and/or non-food areas.
P.S. 032 SAMUELS MILLS SPROLE,Brooklyn,11231,01/20/2023,Evidence of mice or live mice in establishment's food or non-food areas.
P.S. 032 SAMUELS MILLS SPROLE,Brooklyn,11231,01/20/2023,Evidence of mice or live mice in establishment's food or non-food areas.
"P.S. 033 CHELSEA PREP, P.S. 138",Manhattan,10001,01/27/2023,Evidence of mice or live mice present in facility's food and/or non-food areas.
"P.S. 033 CHELSEA PREP, P.S. 138",Manhattan,10001,01/27/2023,Evidence of mice or live mice in establishment's food or non-food areas.
P.S. 034 JOHN HARVARD,Queens,11429,12/15/2022,Evidence of mice or live mice in establishment's food or non-food areas.
P.S. 034 OLIVER H. PERRY,Brooklyn,11222,01/10/2023,Evidence of mice or live mice present in facility's food and/or non-food areas.
"P.S. 035, PATHWAYS TO GRADUATION @ MANHATTAN LEARNING PROGRAM",Manhattan,10019,02/10/2023,Evidence of mice or live mice in establishment's food or non-food areas.
P.S. 038 ROSEDALE,Queens,11422,12/08/2022,Evidence of mice or live mice in establishment's food or non-food areas.
P.S. 038 THE PACIFIC,Brooklyn,11217,02/03/2023,Evidence of mice or live mice present in facility's food and/or non-food areas.
P.S. 038 THE PACIFIC,Brooklyn,11217,02/03/2023,Evidence of mice or live mice in establishment's food or non-food areas.
"P.S. 040 AUGUSTUS SAINT-GAUDENS, M.S. 255 SALK SCHOOL OF SCIENCE",Manhattan,10003,11/01/2022,Evidence of mice or live mice in establishment's food or non-food areas.
"P.S. 040 SAMUEL HUNTINGTON, JAMAICA CHILDREN'S SCHOOL",Queens,11433,01/30/2023,Evidence of mice or live mice in establishment's food or non-food areas.
P.S. 041 GREENWICH VILLAGE,Manhattan,10011,10/27/2022,Evidence of mice or live mice in establishment's food or non-food areas.
"P.S. 043, P.S. Q256",Queens,11691,02/15/2023,Evidence of mice or live mice in establishment's food or non-food areas.
"P.S. 043, P.S. Q256",Queens,11691,02/15/2023,Evidence of mice or live mice in establishment's food or non-food areas.
P.S. 045 HORACE E. GREENE,Brooklyn,11207,02/27/2023,Evidence of mice or live mice in establishment's food or non-food areas.
"P.S. 051 ELIAS HOWE, P094M @ PS 051 ELIAS HOWE",Manhattan,10036,02/15/2023,Evidence of mice or live mice in establishment's food or non-food areas.
P.S. 052 QUEENS,Queens,11434,10/19/2022,Evidence of mice or live mice in establishment's food or non-food areas.
P.S. 056 HARRY EICHLER,Queens,11418,02/09/2023,Evidence of mice or live mice present in facility's food and/or non-food areas.
P.S. 058 THE CARROLL,Brooklyn,11231,12/06/2022,Evidence of mice or live mice present in facility's food and/or non-food areas.
"P.S. 059 BEEKMAN HILL INTERNATIONAL, P169M @ PS 59M, ART AND DESIGN HIGH SCHOOL",Manhattan,10022,01/24/2023,Evidence of mice or live mice in establishment's food or non-food areas.
P.S. 064 JOSEPH P. ADDABBO,Queens,11416,02/27/2023,Evidence of mice or live mice in establishment's food or non-food areas.
"P.S. 065, P004K @ P065",Brooklyn,11208,03/07/2023,Evidence of mice or live mice present in facility's food and/or non-food areas.
P.S. 069 DANIEL D. TOMPKINS,Staten Island,10314,01/31/2023,Evidence of mice or live mice in establishment's food or non-food areas.
P.S. 072 DR. WILLIAM DORNEY,Bronx,10465,03/07/2023,Evidence of mice or live mice in establishment's food or non-food areas.
"P.S. 076 A. PHILIP RANDOLPH, P.S. M226 @ P076M",Manhattan,10027,02/13/2023,Evidence of mice or live mice in establishment's food or non-food areas.
"P.S. 076 WILLIAM HALLET, P277Q @ Q076",Queens,11106,02/09/2023,Evidence of mice or live mice in establishment's food or non-food areas.
"P.S. 076 WILLIAM HALLET, P277Q @ Q076",Queens,11106,02/09/2023,Evidence of mice or live mice present in facility's food and/or non-food areas.
"P.S. 076 WILLIAM HALLET, P277Q @ Q076",Queens,11106,02/09/2023,Evidence of mice or live mice in establishment's food or non-food areas.
"P.S. 083 LUIS MUNOZ RIVERA, THE BILINGUAL BICULTURAL SCHOOL",Manhattan,10029,03/01/2023,Evidence of mice or live mice in establishment's food or non-food areas.
P.S. 086 KINGSBRIDGE HEIGHTS,Bronx,10468,03/13/2023,Evidence of mice or live mice in establishment's food or non-food areas.
P.S. 089 CYPRESS HILLS,Brooklyn,11207,03/14/2023,Evidence of mice or live mice in establishment's food or non-food areas.
"P.S. 092 ADRIAN HEGEMAN, P.S. 092 ADRIAN HEGEMAN",Brooklyn,11226,12/15/2022,Evidence of mice or live mice present in facility's food and/or non-food areas.
P.S. 101 THE VERRAZANO,Brooklyn,11214,01/18/2023,Evidence of mice or live mice in establishment's food or non-food areas.
P.S. 102 THE BAYVIEW,Brooklyn,11209,09/30/2022,Evidence of mice or live mice in establishment's food or non-food areas.
P.S. 106 EDWARD EVERETT HALE,Brooklyn,11221,03/16/2023,Evidence of mice or live mice in establishment's food or non-food areas.
P.S. 106 EDWARD EVERETT HALE,Brooklyn,11221,03/16/2023,Evidence of mice or live mice in establishment's food or non-food areas.
P.S. 108 CAPTAIN VINCENT G. FOWLER,Queens,11420,01/05/2023,Evidence of mice or live mice present in facility's food and/or non-food areas.
P.S. 108 SAL ABBRACCIAMENTO,Brooklyn,11208,03/10/2023,Evidence of mice or live mice present in facility's food and/or non-food areas.
P.S. 108 SAL ABBRACCIAMENTO,Brooklyn,11208,03/10/2023,Evidence of mice or live mice in establishment's food or non-food areas.
P.S. 108 SAL ABBRACCIAMENTO,Brooklyn,11208,03/10/2023,Evidence of mice or live mice in establishment's food or non-food areas.
P.S. 110 FLORENCE NIGHTINGALE,Manhattan,10002,02/28/2023,Evidence of mice or live mice in establishment's food or non-food areas.
P.S. 110 THE MONITOR,Brooklyn,11222,01/10/2023,Evidence of mice or live mice present in facility's food and/or non-food areas.
P.S. 110 THE MONITOR,Brooklyn,11222,01/10/2023,Evidence of mice or live mice present in facility's food and/or non-food areas.
"P.S. 110 THEODORE SCHOENFELD, MOTT HALL III",Bronx,10456,09/29/2022,Evidence of mice or live mice in establishment's food or non-food areas.
"P.S. 111 ADOLPH S. OCHS, CITY KNOLL MIDDLE SCHOOL",Manhattan,10019,01/26/2023,Evidence of mice or live mice in establishment's food or non-food areas.
"P.S. 111 JACOB BLACKWELL, VOICE CHARTER SCHOOL-ANNEX",Queens,11101,01/20/2023,Evidence of mice or live mice in establishment's food or non-food areas.
P.S. 112 JOSE CELSO BARBOSA,Manhattan,10035,01/27/2023,Evidence of mice or live mice present in facility's food and/or non-food areas.
P.S. 116 ELIZABETH L FARRELL,Brooklyn,11237,09/09/2022,Evidence of mice or live mice in establishment's food or non-food areas.
P.S. 116 MARY LINDLEY MURRAY,Manhattan,10016,02/01/2023,Evidence of mice or live mice in establishment's food or non-food areas.
P.S. 116 MARY LINDLEY MURRAY,Manhattan,10016,02/01/2023,Evidence of mice or live mice in establishment's food or non-food areas.
P.S. 117 J. KELD / BRIARWOOD SCHOOL,Queens,11435,12/05/2022,Evidence of mice or live mice in establishment's food or non-food areas.
"P.S. 120 CARLOS TAPIA, P368K @ PS 120K",Brooklyn,11206,10/21/2022,Evidence of mice or live mice present in facility's food and/or non-food areas.
"P.S. 120 CARLOS TAPIA, P368K @ PS 120K",Brooklyn,11206,10/21/2022,Evidence of mice or live mice in establishment's food or non-food areas.
P.S. 120 QUEENS,Queens,11355,11/03/2022,Evidence of mice or live mice in establishment's food or non-food areas.
P.S. 122 MAMIE FAY,Queens,11105,11/02/2022,Evidence of mice or live mice in establishment's food or non-food areas.
P.S. 131 BROOKLYN,Brooklyn,11219,03/15/2023,Evidence of mice or live mice in establishment's food or non-food areas.
P.S. 131 BROOKLYN,Brooklyn,11219,03/15/2023,Evidence of mice or live mice present in facility's food and/or non-food areas.
P.S. 131 BROOKLYN,Brooklyn,11219,03/15/2023,Evidence of mice or live mice in establishment's food or non-food areas.
P.S. 133 FRED R MOORE ACADEMT,Manhattan,10037,10/03/2022,Evidence of mice or live mice in establishment's food or non-food areas.
"P.S. 133 WILLIAM A. BUTLER, P369K @ PS 133",Brooklyn,11217,03/06/2023,Evidence of mice or live mice in establishment's food or non-food areas.
P.S. 135 SHELDON A. BROOKNER,Brooklyn,11203,01/23/2023,Evidence of mice or live mice in establishment's food or non-food areas.
"P.S. 138 BROOKLYN, SUCCESS ACADEMY CHARTER SCHOOL-PROSPECT HEIGHTS",Brooklyn,11216,10/28/2022,Evidence of mice or live mice in establishment's food or non-food areas.
"P.S. 138 BROOKLYN, SUCCESS ACADEMY CHARTER SCHOOL-PROSPECT HEIGHTS",Brooklyn,11216,10/28/2022,Evidence of mice or live mice in establishment's food or non-food areas.
"P.S. 138 BROOKLYN, SUCCESS ACADEMY CHARTER SCHOOL-PROSPECT HEIGHTS",Brooklyn,11216,10/28/2022,Evidence of mice or live mice in establishment's food or non-food areas.
"P.S. 142 AMALIA CASTRO, MANHATTAN CHARTER SCHOOL",Manhattan,10002,02/07/2023,Evidence of mice or live mice in establishment's food or non-food areas.
"P.S. 146 ANN M. SHORT, P169M @ PS 146 ANN M. SHORT",Manhattan,10029,02/10/2023,Evidence of mice or live mice in establishment's food or non-food areas.
P.S. 148 QUEENS,Queens,11369,12/16/2022,Evidence of mice or live mice in establishment's food or non-food areas.
P.S. 153 MASPETH ELEM,Queens,11378,03/17/2023,Evidence of mice or live mice in establishment's food or non-food areas.
P.S. 153 MASPETH ELEM,Queens,11378,03/17/2023,Evidence of mice or live mice in establishment's food or non-food areas.
"P.S. 156 WAVERLY, I.S. 392",Brooklyn,11212,03/03/2023,Evidence of mice or live mice in establishment's food or non-food areas.
P.S. 160 WALTER FRANCIS BISHOP,Queens,11435,12/19/2022,Evidence of mice or live mice in establishment's food or non-food areas.
P.S. 160 WALTER FRANCIS BISHOP,Queens,11435,12/19/2022,Evidence of mice or live mice in establishment's food or non-food areas.
"P.S. 161 ARTHUR ASHE SCHOOL, P.S. Q004 @ P161Q",Queens,11419,11/04/2022,Evidence of mice or live mice in establishment's food or non-food areas.
P.S. 169 SUNSET PARK,Brooklyn,11232,03/01/2023,Evidence of mice or live mice present in facility's food and/or non-food areas.
P.S. 169 SUNSET PARK,Brooklyn,11232,03/01/2023,Evidence of mice or live mice in establishment's food or non-food areas.
"P.S. 173, HARBOR HEIGHTS",Manhattan,10033,09/15/2022,Evidence of mice or live mice in establishment's food or non-food areas.
P.S. 176 CAMBRIA HEIGHTS,Queens,11411,01/17/2023,Evidence of mice or live mice in establishment's food or non-food areas.
P.S. 177 THE MARLBORO,Brooklyn,11204,03/03/2023,Evidence of mice or live mice in establishment's food or non-food areas.
P.S. 181 BROOKFIELD,Queens,11413,01/05/2023,Evidence of mice or live mice in establishment's food or non-food areas.
P.S. 183 DR. RICHARD R. GREEN,Queens,11693,03/06/2023,Evidence of mice or live mice in establishment's food or non-food areas.
P.S. 183 ROBERT L. STEVENSON,Manhattan,10065,02/09/2023,Evidence of mice or live mice in establishment's food or non-food areas.
P.S. 184M SHUANG WEN,Manhattan,10002,10/03/2022,Evidence of mice or live mice in establishment's food or non-food areas.
P.S. 188 MANHATTAN,Manhattan,10002,12/05/2022,Evidence of mice or live mice present in facility's food and/or non-food areas.
P.S. 189 LINCOLN TERRACE,Brooklyn,11212,03/13/2023,Evidence of mice or live mice in establishment's food or non-food areas.
P.S. 189 LINCOLN TERRACE,Brooklyn,11212,03/13/2023,Evidence of mice or live mice in establishment's food or non-food areas.
"P.S. 192 JACOB H. SCHIFF, HAMILTON GRANGE MIDDLE SCHOOL",Manhattan,10031,01/31/2023,Evidence of mice or live mice in establishment's food or non-food areas.
"P.S. 196 TEN EYCK, M.S. 582",Brooklyn,11206,11/07/2022,Evidence of mice or live mice in establishment's food or non-food areas.
"P.S. 196 TEN EYCK, M.S. 582",Brooklyn,11206,11/07/2022,Evidence of mice or live mice in establishment's food or non-food areas.
P.S. 197 - THE KINGS HIGHWAY ACADEMY,Brooklyn,11210,01/11/2023,Evidence of mice or live mice present in facility's food and/or non-food areas.
P.S. 198 BROOKLYN,Brooklyn,11210,10/31/2022,Evidence of mice or live mice present in facility's food and/or non-food areas.
"P.S. 198 ISADOR E. IDA STRAUS, P.S. 77 LOWER LAB SCHOOL",Manhattan,10128,02/07/2023,Evidence of mice or live mice in establishment's food or non-food areas.
"P.S. 203 THE SCHOOL FOR FUTURE LEADERS, P.S. K771",Brooklyn,11234,09/21/2022,Evidence of mice or live mice in establishment's food or non-food areas.
"P.S. 205 ALEXANDER GRAHAM BELL, P.S. Q224",Queens,11364,02/08/2023,Evidence of mice or live mice in establishment's food or non-food areas.
"P.S. 205 ALEXANDER GRAHAM BELL, P.S. Q224",Queens,11364,02/08/2023,Evidence of mice or live mice present in facility's food and/or non-food areas.
P.S. 207 ELIZABETH G. LEARY,Brooklyn,11234,01/13/2023,Evidence of mice or live mice in establishment's food or non-food areas.
P.S. 207 ELIZABETH G. LEARY,Brooklyn,11234,09/21/2022,Evidence of mice or live mice in establishment's food or non-food areas.
"P.S. 213 NEW LOTS, P036K AT K213",Brooklyn,11207,11/17/2022,Evidence of mice or live mice in establishment's food or non-food areas.
P.S. 214 CADWALLADER COLDEN,Queens,11354,01/27/2023,Evidence of mice or live mice in establishment's food or non-food areas.
P.S. 214 MICHAEL FRIEDSAM,Brooklyn,11208,03/07/2023,Evidence of mice or live mice present in facility's food and/or non-food areas.
"P.S. 214, EMOLIOR ACADEMY",Bronx,10460,03/07/2023,Evidence of mice or live mice in establishment's food or non-food areas.
P.S. 216 ARTURO TOSCANINI,Brooklyn,11223,12/22/2022,Evidence of mice or live mice in establishment's food or non-food areas.
P.S. 217 COLONEL DAVID MARCUS SCHOOL,Brooklyn,11230,01/20/2023,Evidence of mice or live mice present in facility's food and/or non-food areas.
P.S. 217 COLONEL DAVID MARCUS SCHOOL,Brooklyn,11230,01/20/2023,Evidence of mice or live mice present in facility's food and/or non-food areas.
"P.S. 219 KENNEDY-KING, LAMAD ACADEMY CHARTER SCHOOL",Brooklyn,11212,03/10/2023,Evidence of mice or live mice in establishment's food or non-food areas.
P.S. 229 DYKER,Brooklyn,11228,12/19/2022,Evidence of mice or live mice in establishment's food or non-food areas.
"P.S. 236 MILL BASIN, P.S. K771",Brooklyn,11234,01/17/2023,Evidence of mice or live mice in establishment's food or non-food areas.
"P.S. 236 MILL BASIN, P.S. K771",Brooklyn,11234,01/17/2023,Evidence of mice or live mice present in facility's food and/or non-food areas.
"P.S. 239, ROBERT E. PEARY SCHOOL",Queens,11385,03/01/2023,Evidence of mice or live mice in establishment's food or non-food areas.
"P.S. 243K-THE WEEKSVILLE SCHOOL, LAUNCH EXPEDITIONARY LEARNING CHARTER SCHOOL",Brooklyn,11213,09/20/2022,Evidence of mice or live mice present in facility's food and/or non-food areas.
"P.S. 244 RICHARD R. GREEN, BROOKLYN SCIENCE AND ENGINEERING ACADEMY",Brooklyn,11203,01/23/2023,Evidence of mice or live mice in establishment's food or non-food areas.
"P.S. 244 RICHARD R. GREEN, BROOKLYN SCIENCE AND ENGINEERING ACADEMY",Brooklyn,11203,01/23/2023,Evidence of mice or live mice in establishment's food or non-food areas.
P.S. 249 THE CATON,Brooklyn,11226,03/17/2023,Evidence of mice or live mice present in facility's food and/or non-food areas.
P.S. 249 THE CATON,Brooklyn,11226,03/17/2023,Evidence of mice or live mice in establishment's food or non-food areas.
P.S. 249 THE CATON,Brooklyn,11226,03/17/2023,Evidence of mice or live mice present in facility's food and/or non-food areas.
P.S. 251 PAERDEGAT,Brooklyn,11234,03/20/2023,Evidence of mice or live mice present in facility's food and/or non-food areas.
P.S. 253,Brooklyn,11235,12/05/2022,Evidence of mice or live mice in establishment's food or non-food areas.
P.S. 253,Brooklyn,11235,12/05/2022,Evidence of mice or live mice present in facility's food and/or non-food areas.
"P.S. 253, P.S. Q256",Queens,11691,03/06/2023,Evidence of mice or live mice in establishment's food or non-food areas.
"P.S. 261 PHILIP LIVINGSTON, P.S. K369  - COY L. COX SCHOOL",Brooklyn,11201,12/05/2022,Evidence of mice or live mice present in facility's food and/or non-food areas.
P.S. 262 EL HAJJ MALIK EL SHABAZZ ELEMENTARY SCHOOL,Brooklyn,11233,11/29/2022,Evidence of mice or live mice in establishment's food or non-food areas.
P.S. 272 CURTIS ESTABROOK,Brooklyn,11236,12/20/2022,Evidence of mice or live mice in establishment's food or non-food areas.
P.S. 272 CURTIS ESTABROOK,Brooklyn,11236,12/20/2022,Evidence of mice or live mice present in facility's food and/or non-food areas.
P.S. 274 KOSCIUSKO,Brooklyn,11221,12/21/2022,Evidence of mice or live mice in establishment's food or non-food areas.
P.S. 276 LOUIS MARSHALL,Brooklyn,11236,10/17/2022,Evidence of mice or live mice present in facility's food and/or non-food areas.
"P.S. 279 CAPTAIN MANUEL RIVERA, JR.",Bronx,10453,01/31/2023,Evidence of rats or live rats in establishment's food or non-food areas.
"P.S. 279 HERMAN SCHREIBER, LEADERSHIP PREP CANARSIE MIDDLE ACAD",Brooklyn,11236,01/12/2023,Evidence of mice or live mice in establishment's food or non-food areas.
P.S. 288 THE SHIRLEY TANYHILL,Brooklyn,11224,11/04/2022,Evidence of mice or live mice in establishment's food or non-food areas.
"P.S. 289 GEORGE V. BROWER, P396K @ PS 289K",Brooklyn,11213,03/08/2023,Evidence of mice or live mice in establishment's food or non-food areas.
"P.S. 289 GEORGE V. BROWER, P396K @ PS 289K",Brooklyn,11213,03/08/2023,Evidence of mice or live mice in establishment's food or non-food areas.
P.S. 290 JUAN MOREL CAMPOS,Brooklyn,11207,11/01/2022,Evidence of mice or live mice in establishment's food or non-food areas.
"P.S. 297 ABRAHAM STOCKTON, SUCCESS ACADEMY CHARTER-MYRTLE AVE MIDDLE",Brooklyn,11206,03/08/2023,Evidence of mice or live mice present in facility's food and/or non-food areas.
P.S. 299 THOMAS WARREN FIELD,Brooklyn,11221,01/12/2023,Evidence of mice or live mice present in facility's food and/or non-food areas.
"P.S. 306 ETHAN ALLEN, ACHIEVEMENT FIRST ASPIRE MIDDLE CHARTER SCHOOL",Brooklyn,11207,03/09/2023,Evidence of mice or live mice present in facility's food and/or non-food areas.
"P.S. 306 ETHAN ALLEN, ACHIEVEMENT FIRST ASPIRE MIDDLE CHARTER SCHOOL",Brooklyn,11207,03/09/2023,Evidence of mice or live mice present in facility's food and/or non-food areas.
P.S. 321 WILLIAM PENN,Brooklyn,11215,09/28/2022,Evidence of mice or live mice in establishment's food or non-food areas.
"P.S. 328 PHYLLIS WHEATLEY, HYDE LEADERSHIP CHARTER SCHOOL- BROOKLYN",Brooklyn,11207,02/27/2023,Evidence of mice or live mice in establishment's food or non-food areas.
P.S. 345 PATROLMAN ROBERT BOLDEN,Brooklyn,11208,01/09/2023,Evidence of mice or live mice in establishment's food or non-food areas.
P.S. 35 THE CLOVE VALLEY SCHOOL,Staten Island,10301,11/01/2022,Evidence of mice or live mice in establishment's food or non-food areas.
P.S. 36,Brooklyn,11207,11/18/2022,Evidence of mice or live mice present in facility's food and/or non-food areas.
P.S. 361 EAST FLATBUSH EARLY CHILDHOOD SCHOOL,Brooklyn,11210,01/30/2023,Evidence of mice or live mice present in facility's food and/or non-food areas.
P.S. 368,Brooklyn,11233,11/18/2022,Evidence of mice or live mice present in facility's food and/or non-food areas.
"P.S. 373 - BROOKLYN TRANSITION CENTER, GOTHAM PROFESSIONAL ARTS ACADEMY",Brooklyn,11238,02/09/2023,Evidence of mice or live mice in establishment's food or non-food areas.
P.S. 373 BROOKLYN TRANSITION CENTER,Brooklyn,11226,11/23/2022,Evidence of mice or live mice in establishment's food or non-food areas.
"P.S. 375 JACKIE ROBINSON SCHOOL, EBBETS FIELD MIDDLE SCHOOL, EXPLORE EXCEED CHARTER UPPER SCHOOL",Brooklyn,11225,03/16/2023,Evidence of mice or live mice present in facility's food and/or non-food areas.
"P.S. 375 JACKIE ROBINSON SCHOOL, EBBETS FIELD MIDDLE SCHOOL, EXPLORE EXCEED CHARTER UPPER SCHOOL",Brooklyn,11225,03/16/2023,Evidence of mice or live mice in establishment's food or non-food areas.
"P.S. 38 ROBERTO CLEMENTE, HARLEM PREP CHARTER MIDDLE SCHOOL",Manhattan,10029,11/18/2022,Evidence of mice or live mice in establishment's food or non-food areas.
"P.S. 38 ROBERTO CLEMENTE, HARLEM PREP CHARTER MIDDLE SCHOOL",Manhattan,10029,11/18/2022,Evidence of mice or live mice in establishment's food or non-food areas.
"P.S. 38 ROBERTO CLEMENTE, HARLEM PREP CHARTER MIDDLE SCHOOL",Manhattan,10029,11/18/2022,Evidence of mice or live mice present in facility's food and/or non-food areas.
"P.S. 380 JOHN WAYNE ELEMENTARY, P.S. K141",Brooklyn,11206,10/13/2022,Evidence of mice or live mice in establishment's food or non-food areas.
P.S. 39 FRANCIS J. MURPHY JR.,Staten Island,,12/13/2022,Evidence of mice or live mice present in facility's food and/or non-food areas.
P.S. 397 FOSTER-LAURIE,Brooklyn,11203,01/23/2023,Evidence of mice or live mice in establishment's food or non-food areas.
P.S. 399 STANLEY EUGENE CLARK,Brooklyn,11226,11/23/2022,Evidence of mice or live mice in establishment's food or non-food areas.
P.S. 399 STANLEY EUGENE CLARK,Brooklyn,11226,11/23/2022,Evidence of mice or live mice present in facility's food and/or non-food areas.
P.S. 40 BROOKLYN,Brooklyn,11233,02/10/2023,Evidence of mice or live mice in establishment's food or non-food areas.
P.S. 65 - THE RAYMOND YORK ELEMENTARY SCHOOL,Queens,11417,12/22/2022,Evidence of mice or live mice present in facility's food and/or non-food areas.
"P.S. 770 NEW AMERICAN ACADEMY, P.S. 398 WALTER WEAVER",Brooklyn,11212,03/10/2023,Evidence of mice or live mice in establishment's food or non-food areas.
"P.S. 770 NEW AMERICAN ACADEMY, P.S. 398 WALTER WEAVER",Brooklyn,11212,03/10/2023,Evidence of mice or live mice present in facility's food and/or non-food areas.
"P.S. 770 NEW AMERICAN ACADEMY, P.S. 398 WALTER WEAVER",Brooklyn,11212,03/10/2023,Evidence of mice or live mice in establishment's food or non-food areas.
"P.S. 89, I.S. 289",Manhattan,10282,01/03/2023,Evidence of mice or live mice in establishment's food or non-food areas.
P.S. 90 EDNA COHEN SCHOOL,Brooklyn,11224,11/01/2022,Evidence of mice or live mice in establishment's food or non-food areas.
"P.S. K004, P.S. 007 ABRAHAM LINCOLN",Brooklyn,11208,03/06/2023,Evidence of mice or live mice in establishment's food or non-food areas.
"P.S. K004, P.S. 109",Brooklyn,11203,01/24/2023,Evidence of mice or live mice in establishment's food or non-food areas.
"P.S. K053, J.H.S. 088 PETER ROUGET",Brooklyn,11215,09/28/2022,Evidence of mice or live mice in establishment's food or non-food areas.
"P.S. K053, J.H.S. 088 PETER ROUGET",Brooklyn,11215,09/28/2022,Evidence of mice or live mice present in facility's food and/or non-food areas.
"P.S. K225 - THE EILEEN E. ZAGLIN, P.S. K771",Brooklyn,11235,02/03/2023,Evidence of mice or live mice in establishment's food or non-food areas.
"P.S. K225 - THE EILEEN E. ZAGLIN, P.S. K771",Brooklyn,11235,02/03/2023,Evidence of mice or live mice in establishment's food or non-food areas.
"P.S. K753 SCHOOL FOR CAREER DEVELOPMENT, LYFE [BABIES], W. H. MAXWELL CAREER AND TECHNICAL EDUCATION",Brooklyn,11207,02/03/2023,Evidence of mice or live mice present in facility's food and/or non-food areas.
"P.S. Q177, MARTIN VAN BUREN HIGH SCHOOL, BUSINESS TECHNOLOGY EARLY COLLEGE HIGH SCHOOL (P-TECH)",Queens,11427,01/12/2023,Evidence of mice or live mice present in facility's food and/or non-food areas.
"P.S. Q177, MARTIN VAN BUREN HIGH SCHOOL, BUSINESS TECHNOLOGY EARLY COLLEGE HIGH SCHOOL (P-TECH)",Queens,11427,01/12/2023,Evidence of mice or live mice in establishment's food or non-food areas.
P.S. Q811,Queens,11412,10/24/2022,Evidence of mice or live mice in establishment's food or non-food areas.
P.S. X811,Bronx,10460,03/08/2023,Evidence of mice or live mice in establishment's food or non-food areas.
P.S./I.S. 104 THE FORT HAMILTON SCHOOL,Brooklyn,11209,01/10/2023,Evidence of mice or live mice in establishment's food or non-food areas.
P.S./I.S. 210 - TWENTY-FIRST CENTURY ACADEMY FOR COMMUNITY LEADERSHIP,Manhattan,10031,01/31/2023,Evidence of mice or live mice in establishment's food or non-food areas.
"P010X @ PS 240, MOUNT EDEN CHILDREN'S ACADEMY, COMPREHENSIVE MODEL SCHOOL PROJECT M.S. 327",Bronx,10452,02/06/2023,Evidence of mice or live mice in establishment's food or non-food areas.
P226M @ MANHATTAN SCHOOL,Manhattan,10011,03/06/2023,Evidence of mice or live mice in establishment's food or non-food areas.
"P226M @ STUYVESANT H.S., STUYVESANT HIGH SCHOOL",Manhattan,10282,02/10/2023,Evidence of mice or live mice present in facility's food and/or non-food areas.
"P226M @ STUYVESANT H.S., STUYVESANT HIGH SCHOOL",Manhattan,10282,02/10/2023,Evidence of mice or live mice in establishment's food or non-food areas.
"P226M @ STUYVESANT H.S., STUYVESANT HIGH SCHOOL",Manhattan,10282,02/10/2023,Evidence of mice or live mice present in facility's food and/or non-food areas.
"P226M @ STUYVESANT H.S., STUYVESANT HIGH SCHOOL",Manhattan,10282,02/10/2023,Evidence of mice or live mice in establishment's food or non-food areas.
"P277Q AT Q485, P2G AT GROVER CLEVELAND HS, GROVER CLEVELAND HIGH SCHOOL",Queens,11385,03/03/2023,Evidence of mice or live mice present in facility's food and/or non-food areas.
P2G AT GOOD SHEPHERD & ACE,Brooklyn,11207,11/17/2022,Evidence of mice or live mice in establishment's food or non-food areas.
P721K @ K231,Brooklyn,11232,10/14/2022,Evidence of mice or live mice present in facility's food and/or non-food areas.
"PACE HIGH SCHOOL, M.S. 131, EMMA LAZARUS HIGH SCHOOL",Manhattan,10002,01/20/2023,Evidence of mice or live mice in establishment's food or non-food areas.
PACKER COLLEGIATE INSTITUTE,Brooklyn,11201,03/15/2023,Evidence of mice or live mice present in facility's food and/or non-food areas.
PACKER COLLEGIATE INSTITUTE,Brooklyn,11201,03/15/2023,Evidence of mice or live mice present in facility's food and/or non-food areas.
PACKER COLLEGIATE INSTITUTE,Brooklyn,11201,03/15/2023,Evidence of mice or live mice in establishment's food or non-food areas.
"PAN AMERICAN INTERNATIONAL HIGH SCHOOL AT MONROE, LEARNING TO WORK YABC AT MONROE ACADEMY, THE METRO",Bronx,10472,03/09/2023,Evidence of mice or live mice in establishment's food or non-food areas.
"PATHWAYS IN TECHNOLOGY EARLY COLLEGE HIGH SCHOOL (P-TECH), LYFE [BABIES], ACADEMY FOR HEALTH CAREERS",Brooklyn,11213,09/29/2022,Evidence of mice or live mice present in facility's food and/or non-food areas.
POLY PREP COUNTRY DAY SCHOOL,Brooklyn,11228,02/02/2023,Evidence of mice or live mice in establishment's food or non-food areas.
"PRE-K CENTER @ 500 19TH ST. BROOKLYN, M.S. 442 CARROLL GARDENS SCHOOL FOR INNOVATION",Brooklyn,11215,11/16/2022,Evidence of mice or live mice in establishment's food or non-food areas.
PRE-K CENTER AT 143 STREET - QUEENS,Queens,11357,10/26/2022,Evidence of mice or live mice present in facility's food and/or non-food areas.
"PRE-K CENTER AT 19 DOCK STREET CAMPUS, DOCK STREET SCHOOL FOR STEAM STUDIES",Brooklyn,11201,11/21/2022,Evidence of mice or live mice in establishment's food or non-food areas.
"PROFESSOR JUAN BOSCH PUBLIC SCHOOL, PROFESSOR JUAN BOSCH PUBLIC SCHOOL",Manhattan,10040,10/28/2022,Evidence of mice or live mice in establishment's food or non-food areas.
PS 048 WILLIAM C. WILCOX,Staten Island,10304,03/22/2023,Evidence of mice or live mice in establishment's food or non-food areas.
"PS 503: THE SCHOOL OF DISCOVERY, P.S. 506: THE SCHOOL OF JOURNALISM & TECHNOLOGY",Brooklyn,11220,03/08/2023,Evidence of mice or live mice in establishment's food or non-food areas.
QUEENS HIGH SCHOOL FOR THE SCIENCES AT YORK COLLEGE,Queens,11433,11/09/2022,Evidence of mice or live mice in establishment's food or non-food areas.
"QUEENS PREPARATORY ACADEMY, EXCELSIOR PREPARATORY HIGH SCHOOL, GEORGE WASHINGTON CARVER HIGH SCHOOL",Queens,11413,10/18/2022,Evidence of mice or live mice present in facility's food and/or non-food areas.
RABBI ARTHUR SCHNEIER PARK EAST DAY SCHOOL,Manhattan,10065,02/09/2023,Evidence of mice or live mice present in facility's food and/or non-food areas.
RABBI ARTHUR SCHNEIER PARK EAST DAY SCHOOL,Manhattan,10065,02/09/2023,Evidence of mice or live mice in establishment's food or non-food areas.
RABBI SOL KLUGER SCHOOL,Brooklyn,11204,01/24/2023,Evidence of mice or live mice present in facility's food and/or non-food areas.
RABBI SOL KLUGER SCHOOL,Brooklyn,11204,01/24/2023,Evidence of mice or live mice in establishment's food or non-food areas.
RABBI SOL KLUGER SCHOOL,Brooklyn,11204,01/24/2023,Evidence of mice or live mice in establishment's food or non-food areas.
RAMAZ UPPER SCHOOL,Manhattan,10075,11/18/2022,Evidence of mice or live mice present in facility's food and/or non-food areas.
RED RABBIT LLC,Queens,11106,10/04/2022,Evidence of rats or live rats in establishment's food or non-food areas.
RED RABBIT LLC,Queens,11106,10/04/2022,Evidence of mice or live mice in establishment's food or non-food areas.
RED RABBIT LLC/GLOBAL COMMUNITY CHARTER SCHOOL,Manhattan,10037,11/18/2022,Evidence of mice or live mice present in facility's food and/or non-food areas.
RED STORM CAFE,Queens,11105,02/17/2023,Evidence of mice or live mice in establishment's food or non-food areas.
RENAISSANCE CHARTER SCHOOL,Queens,11372,12/07/2022,Evidence of mice or live mice present in facility's food and/or non-food areas.
RENAISSANCE CHARTER SCHOOL,Queens,11372,12/07/2022,Evidence of mice or live mice present in facility's food and/or non-food areas.
RENAISSANCE CHARTER SCHOOL,Queens,11372,12/07/2022,Evidence of mice or live mice present in facility's food and/or non-food areas.
"RIVER EAST ELEMENTARY, HARLEM VILLAGE ACADEMY LEADERSHIP CHARTER SCHOOL, HARLEM VILLAGE ACAD. LEADER",Manhattan,10035,02/01/2023,Evidence of mice or live mice in establishment's food or non-food areas.
"RIVERDALE AVENUE COMMUNITY SCHOOL, RIVERDALE AVENUE MIDDLE SCHOOL",Brooklyn,11212,10/07/2022,Evidence of mice or live mice in establishment's food or non-food areas.
"ROBERT F. WAGNER, JR. SECONDARY SCHOOL FOR ARTS AND TECHNOLOGY",Queens,11101,09/13/2022,Evidence of mice or live mice present in facility's food and/or non-food areas.
ROCHDALE EARLY ADVANTAGE CHARTER SCHOOL,Queens,11433,10/24/2022,Evidence of mice or live mice in establishment's food or non-food areas.
SACRED HEART OF JESUS SCHOOL,Manhattan,10019,01/26/2023,Evidence of mice or live mice in establishment's food or non-food areas.
SACRED HEART OF JESUS SCHOOL,Manhattan,10019,01/26/2023,Evidence of mice or live mice present in facility's food and/or non-food areas.
SACRED HEART OF JESUS SCHOOL,Manhattan,10019,01/26/2023,Evidence of mice or live mice in establishment's food or non-food areas.
SAGE @ THE BUCKLEY SCHOOL,Manhattan,10021,01/24/2023,Evidence of mice or live mice in establishment's food or non-food areas.
SAINT BRIGID CATHOLIC ACADEMY,Brooklyn,11237,02/14/2023,Evidence of mice or live mice in establishment's food or non-food areas.
SAINT DEMETRIOS SCHOOL ANNEX,Queens,11105,02/06/2023,Evidence of mice or live mice in establishment's food or non-food areas.
SAINT MARK'S DAY SCHOOL,Brooklyn,11213,02/14/2023,Evidence of mice or live mice present in facility's food and/or non-food areas.
SANTA MARIA SCHOOL-XARJ,Bronx,10462,02/22/2023,Evidence of mice or live mice in establishment's food or non-food areas.
"SCHOOL FOR GLOBAL LEADERS, RESTART ACADEMY@  LOWER EAST SIDE PREPARATORY, LOWER EAST SIDE PREPARATOR",Manhattan,10002,02/03/2023,Evidence of mice or live mice in establishment's food or non-food areas.
"SCHOOL OF SCIENCE & TECHNOLOGY, P.S. K315",Brooklyn,11210,03/09/2023,Evidence of mice or live mice present in facility's food and/or non-food areas.
"SCHOOL OF SCIENCE & TECHNOLOGY, P.S. K315",Brooklyn,11210,03/09/2023,Evidence of mice or live mice in establishment's food or non-food areas.
SHA'AREI ZIONOHEL BRACHA SCHOOL,Queens,11375,03/03/2023,Evidence of mice or live mice in establishment's food or non-food areas.
SHA'AREI ZIONOHEL BRACHA SCHOOL,Queens,11375,03/03/2023,Evidence of mice or live mice present in facility's food and/or non-food areas.
SHA'AREI ZIONOHEL BRACHA SCHOOL,Queens,11375,03/03/2023,Evidence of mice or live mice in establishment's food or non-food areas.
SHAAR HATORAH HS,Queens,11418,01/11/2023,Evidence of mice or live mice present in facility's food and/or non-food areas.
SHAAR HATORAH HS,Queens,11418,01/11/2023,Evidence of mice or live mice in establishment's food or non-food areas.
SHAAR HATORAH HS,Queens,11418,01/11/2023,Evidence of mice or live mice present in facility's food and/or non-food areas.
SHALSHELES BAIS YAKOV,Brooklyn,11218,02/13/2023,Evidence of mice or live mice in establishment's food or non-food areas.
SHALSHELES BAIS YAKOV,Brooklyn,11218,02/13/2023,Evidence of mice or live mice present in facility's food and/or non-food areas.
SHIELD INSTITUTE,Queens,11354,11/07/2022,Evidence of mice or live mice in establishment's food or non-food areas.
SHULAMITH SCHOOL FOR GIRLS OF BROOKLYN,Brooklyn,11235,12/28/2022,Evidence of mice or live mice present in facility's food and/or non-food areas.
SINAI ACADEMY YESHIVA H.S,Brooklyn,11214,02/14/2023,Evidence of mice or live mice in establishment's food or non-food areas.
SOUTH BRONX EARLY COLLEGE ACADEMY CHARTER SCHOOL,Bronx,10455,02/10/2023,Evidence of mice or live mice present in facility's food and/or non-food areas.
SOUTH BROOKLYN ACADEMY,Brooklyn,11203,02/01/2023,Evidence of mice or live mice in establishment's food or non-food areas.
SOUTH BROOKLYN ACADEMY,Brooklyn,11203,02/01/2023,Evidence of mice or live mice in establishment's food or non-food areas.
SOUTH BROOKLYN ACADEMY,Brooklyn,11203,02/01/2023,Evidence of mice or live mice present in facility's food and/or non-food areas.
SOUTH BROOKLYN ACADEMY,Brooklyn,11203,02/01/2023,Evidence of mice or live mice present in facility's food and/or non-food areas.
ST. ANN'S SCHOOL,Brooklyn,11201,03/20/2023,Evidence of mice or live mice in establishment's food or non-food areas.
ST. CHRISTOPHER OTTILIE SCHOOL,Queens,11435,02/08/2023,Evidence of mice or live mice in establishment's food or non-food areas.
ST. CLARE SCHOOL,Bronx,10461,12/20/2022,Evidence of mice or live mice present in facility's food and/or non-food areas.
ST. CLARE SCHOOL,Bronx,10461,12/20/2022,Evidence of mice or live mice in establishment's food or non-food areas.
ST. ELIZABETH CATHOLIC ACADEMY ANNEX,Queens,11416,11/16/2022,Evidence of mice or live mice present in facility's food and/or non-food areas.
ST. ELIZABETH CATHOLIC ACADEMY ANNEX,Queens,11416,11/16/2022,Evidence of mice or live mice in establishment's food or non-food areas.
ST. FRANCIS DE SALES SCHOOL FOR THE DEAF,Brooklyn,11225,12/02/2022,Evidence of mice or live mice present in facility's food and/or non-food areas.
ST. JOHN'S LUTHERAN SCHOOL,Staten Island,10314,01/10/2023,Evidence of mice or live mice in establishment's food or non-food areas.
ST. JOSEPH BY THE SEA HIGH SCHOOL,Staten Island,10312,11/21/2022,Evidence of mice or live mice in establishment's food or non-food areas.
ST. PAUL SCHOOL,Manhattan,10035,12/13/2022,Evidence of mice or live mice in establishment's food or non-food areas.
ST. PETER CATHOLIC ACADEMY,Brooklyn,11214,01/03/2023,Evidence of mice or live mice in establishment's food or non-food areas.
ST. VINCENT FERRER HIGH SCHOOL,Manhattan,10065,10/25/2022,Evidence of mice or live mice present in facility's food and/or non-food areas.
"SUCCESS ACADEMY CHARTER SCHOOL-HARLEM 6, SUCCESS ACADEMY CHARTER SCHOOL-HARLEM 6",Manhattan,10027,02/08/2023,Evidence of rats or live rats in establishment's food or non-food areas.
SUCCESS ACADEMY OZONE PARK MIDDLE CHARTER SCHOOL,Queens,11420,03/21/2023,Evidence of mice or live mice in establishment's food or non-food areas.
"SUNSET PARK HIGH SCHOOL, P.S. 371 @ SUNSET PARK H.S.",Brooklyn,11232,03/21/2023,Evidence of mice or live mice present in facility's food and/or non-food areas.
"SUNSET PARK HIGH SCHOOL, P.S. 371 @ SUNSET PARK H.S.",Brooklyn,11232,03/21/2023,Evidence of mice or live mice in establishment's food or non-food areas.
TALMUD TORAH D'RABINU YOEL,Brooklyn,11219,01/25/2023,Evidence of mice or live mice in establishment's food or non-food areas.
TALMUD TORAH DCHASIDEI GUR,Brooklyn,11219,03/15/2023,Evidence of mice or live mice in establishment's food or non-food areas.
TALMUD TORAH DNITRA,Brooklyn,11221,02/15/2023,Evidence of mice or live mice in establishment's food or non-food areas.
TALMUD TORAH IMREI CHAIM,Brooklyn,11204,02/02/2023,Evidence of mice or live mice present in facility's food and/or non-food areas.
TALMUD TORAH IMREI CHAIM,Brooklyn,11204,02/02/2023,Evidence of mice or live mice present in facility's food and/or non-food areas.
TALMUD TORAH IMREI CHAIM,Brooklyn,11204,02/02/2023,Evidence of mice or live mice present in facility's food and/or non-food areas.
TALMUD TORAH IMREI CHAIM,Brooklyn,11204,02/02/2023,Evidence of mice or live mice in establishment's food or non-food areas.
TALMUD TORAH OF KASHO,Brooklyn,11211,09/28/2022,Evidence of mice or live mice in establishment's food or non-food areas.
TALMUD TORAH TASHBAR,Brooklyn,11205,01/10/2023,Evidence of mice or live mice present in facility's food and/or non-food areas.
"THE ACADEMY OF TALENTED SCHOLARS, P.S. 370, BROOKLYN SCHOOL OF INQUIRY",Brooklyn,11204,03/09/2023,Evidence of mice or live mice in establishment's food or non-food areas.
THE BROOKLYN WALDORF SCHOOL,Brooklyn,11238,02/09/2023,Evidence of mice or live mice present in facility's food and/or non-food areas.
THE BROOKLYN WALDORF SCHOOL,Brooklyn,11238,02/09/2023,Evidence of mice or live mice present in facility's food and/or non-food areas.
THE LORGE SCHOOL,Manhattan,10011,10/26/2022,Evidence of mice or live mice in establishment's food or non-food areas.
THE LORGE SCHOOL,Manhattan,10011,10/26/2022,Evidence of mice or live mice present in facility's food and/or non-food areas.
THE MARY LOUIS ACADEMY,Queens,11432,11/23/2022,Evidence of mice or live mice in establishment's food or non-food areas.
THE MAURICE SENDAK COMMUNITY SCHOOL,Brooklyn,11215,10/27/2022,Evidence of mice or live mice present in facility's food and/or non-food areas.
THE SHIELD INSTITUTE,Bronx,10453,02/07/2023,Evidence of mice or live mice present in facility's food and/or non-food areas.
THE SPENCE SCHOOL,Manhattan,10128,11/29/2022,Evidence of mice or live mice present in facility's food and/or non-food areas.
"THE WALTON AVENUE SCHOOL, LUCERO ELEMENTARY SCHOOL",Bronx,10452,01/20/2023,Evidence of mice or live mice in establishment's food or non-food areas.
"THE WALTON AVENUE SCHOOL, LUCERO ELEMENTARY SCHOOL",Bronx,10452,01/20/2023,Evidence of mice or live mice in establishment's food or non-food areas.
"THOMAS A. EDISON CAREER AND TECHNICAL EDUCATION HIGH SCHOOL, QUEENS TRANSITION CENTER",Queens,11432,11/17/2022,Evidence of mice or live mice in establishment's food or non-food areas.
TOMER DVORA SCHOOL,Brooklyn,11220,01/13/2023,Evidence of mice or live mice present in facility's food and/or non-food areas.
TORAH VYIRAH OF BORO PARK,Brooklyn,11219,03/09/2023,Evidence of mice or live mice in establishment's food or non-food areas.
TRANSIT TECH CAREER AND TECHNICAL EDUCATION HIGH SCHOOL,Brooklyn,11208,03/06/2023,Evidence of mice or live mice present in facility's food and/or non-food areas.
TRANSIT TECH CAREER AND TECHNICAL EDUCATION HIGH SCHOOL,Brooklyn,11208,03/06/2023,Evidence of mice or live mice present in facility's food and/or non-food areas.
UNITED LUBAVITCHER SCHOOL,Brooklyn,11230,02/17/2023,Evidence of mice or live mice in establishment's food or non-food areas.
UNITED LUBAVITCHER SCHOOL,Brooklyn,11230,02/17/2023,Evidence of mice or live mice in establishment's food or non-food areas.
UNITED LUBAVITCHER SCHOOL,Brooklyn,11230,02/17/2023,Evidence of mice or live mice present in facility's food and/or non-food areas.
UNITED LUBAVITCHER YESHIVA,Brooklyn,11213,03/22/2023,Evidence of mice or live mice present in facility's food and/or non-food areas.
UNITED NATIONS INTERNATIONAL SCHOOL,Manhattan,10010,11/07/2022,Evidence of mice or live mice in establishment's food or non-food areas.
UNITED NATIONS INTERNATIONAL SCHOOL,Manhattan,10010,11/07/2022,Evidence of mice or live mice present in facility's food and/or non-food areas.
UNITED TALMUDICAL ACADEMY,Brooklyn,,01/12/2023,Evidence of mice or live mice present in facility's food and/or non-food areas.
UNITED TALMUDICAL ACADEMY,Brooklyn,,01/12/2023,Evidence of mice or live mice in establishment's food or non-food areas.
UNITED TALMUDICAL ACADEMY,Brooklyn,11206,01/12/2023,Evidence of mice or live mice present in facility's food and/or non-food areas.
UNITED TALMUDICAL ACADEMY,Brooklyn,11211,01/12/2023,Evidence of mice or live mice in establishment's food or non-food areas.
UNITED TALMUDICAL ACADEMY,Brooklyn,11206,12/28/2022,Evidence of mice or live mice present in facility's food and/or non-food areas.
UNITED TALMUDICAL ACADEMY,Brooklyn,11206,12/28/2022,Evidence of mice or live mice in establishment's food or non-food areas.
UNITED TALMUDICAL ACADEMY,Brooklyn,,01/12/2023,Evidence of mice or live mice in establishment's food or non-food areas.
"UNITED TALMUDICAL ACADEMY TORAH RABBINICAL, INC.",Brooklyn,11211,01/19/2023,Evidence of mice or live mice in establishment's food or non-food areas.
"UNITED TALMUDICAL ACADEMY TORAH RABBINICAL, INC.",Brooklyn,11211,01/19/2023,Evidence of mice or live mice present in facility's food and/or non-food areas.
UNITED TALMUDICAL ACADEMY/YESHAYE KLEIN,Brooklyn,11205,02/17/2023,Evidence of mice or live mice present in facility's food and/or non-food areas.
UNITED TALMUDICAL ACADEMY/YESHAYE KLEIN,Brooklyn,11205,02/17/2023,Evidence of mice or live mice present in facility's food and/or non-food areas.
UNITED TALMUDICAL ACADEMY/YESHAYE KLEIN,Brooklyn,11205,02/17/2023,Evidence of mice or live mice present in facility's food and/or non-food areas.
"UNIVERSITY NEIGHBORHOOD MIDDLE SCHOOL, ORCHARD COLLEGIATE ACADEMY",Manhattan,10002,02/28/2023,Evidence of mice or live mice in establishment's food or non-food areas.
"URBAN ASSEMBLY INSTITUTE OF MATH AND SCIENCE FOR YOUNG WOMEN, P.S. K369  - COY L. COX SCHOOL, THE UR",Brooklyn,11201,03/15/2023,Evidence of mice or live mice present in facility's food and/or non-food areas.
"URBAN ASSEMBLY SCHOOL OF BUSINESS FOR YOUNG WOMEN, THE, LOWER MANHATTAN COMMUNITY MIDDLE SCHOOL, RIC",Manhattan,10004,01/25/2023,Evidence of mice or live mice in establishment's food or non-food areas.
"URBAN ASSEMBLY SCHOOL OF DESIGN AND CONSTRUCTION,, MANHATTAN BRIDGES HIGH SCHOOL, FACING HISTORY SCH",Manhattan,10019,01/26/2023,Evidence of mice or live mice in establishment's food or non-food areas.
VIZNITZER CHAIDER TIFERES YISROEL,Brooklyn,11219,03/01/2023,Evidence of mice or live mice present in facility's food and/or non-food areas.
VOICE CHARTER SCHOOL OF NEW YORK,Queens,11106,12/06/2022,Evidence of mice or live mice present in facility's food and/or non-food areas.
VOICE CHARTER SCHOOL OF NEW YORK,Queens,11106,12/06/2022,Evidence of mice or live mice in establishment's food or non-food areas.
WASHINGTON IRVING HS/INTERNATIONAL HS @UNION SQUARE,Manhattan,10003,02/10/2023,Evidence of mice or live mice present in facility's food and/or non-food areas.
"WATERSIDE CHILDREN'S STUDIO SCHOOL, WATERSIDE SCHOOL FOR LEADERSHIP",Queens,11694,03/09/2023,Evidence of mice or live mice in establishment's food or non-food areas.
WELLSPRING ELEMENTARY SCHOOL,Queens,11423,12/12/2022,Evidence of mice or live mice in establishment's food or non-food areas.
WILLIAM CULLEN BRYANT HIGH SCHOOL,Queens,11103,03/06/2023,Evidence of mice or live mice in establishment's food or non-food areas.
"WILLIAM E. GRADY CAREER AND TECHNICAL EDUCATION HIGH SCHOOL, ALC- BRIGHTON ACADEMY, P.S. 370",Brooklyn,11235,03/21/2023,Evidence of mice or live mice present in facility's food and/or non-food areas.
WILLIAM SPYROPOULOS SCHOOL,Queens,11358,10/31/2022,Evidence of mice or live mice in establishment's food or non-food areas.
"WILLIAMSBURG HIGH SCHOOL FOR ART AND TECHNOLOGY, LYONS COMMUNITY SCHOOL, BROOKLYN LATIN SCHOOL, THE",Brooklyn,11206,09/14/2022,Evidence of mice or live mice in establishment's food or non-food areas.
"WILLIAMSBURG PREPARATORY SCHOOL, BROOKLYN PREPARATORY HIGH SCHOOL, WILLIAMSBURG HIGH SCHOOL FOR ARCH",Brooklyn,11211,12/02/2022,Evidence of mice or live mice present in facility's food and/or non-food areas.
XAVERIAN HIGH SCHOOL,Brooklyn,11209,01/09/2023,Evidence of mice or live mice present in facility's food and/or non-food areas.
XAVIER HIGH SCHOOL,Manhattan,10011,10/17/2022,Evidence of mice or live mice present in facility's food and/or non-food areas.
YESHIVA & MESIVTA VISNITZ OF USA,Brooklyn,11219,02/14/2023,Evidence of mice or live mice in establishment's food or non-food areas.
YESHIVA BETH HILLEL OF WILLIAMSBURG,Brooklyn,11211,01/13/2023,Evidence of mice or live mice present in facility's food and/or non-food areas.
YESHIVA BETH HILLEL OF WILLIAMSBURG,Brooklyn,11211,01/13/2023,Evidence of mice or live mice present in facility's food and/or non-food areas.
YESHIVA BNOS AHAVAS ISRAEL,Brooklyn,11249,01/10/2023,Evidence of mice or live mice in establishment's food or non-food areas.
YESHIVA BNOS AHAVAS ISRAEL,Brooklyn,11249,01/10/2023,Evidence of mice or live mice present in facility's food and/or non-food areas.
YESHIVA BNOS AHAVAS ISRAEL,Brooklyn,11249,01/10/2023,Evidence of mice or live mice present in facility's food and/or non-food areas.
YESHIVA BNOS AHAVAS ISRAEL,Brooklyn,11249,01/10/2023,Evidence of mice or live mice present in facility's food and/or non-food areas.
YESHIVA BOYAN,Brooklyn,11219,02/23/2023,Evidence of mice or live mice present in facility's food and/or non-food areas.
YESHIVA CH'SAN SOFER,Brooklyn,11204,02/13/2023,Evidence of mice or live mice present in facility's food and/or non-food areas.
YESHIVA DERECH CHAIM,Brooklyn,11218,01/25/2023,Evidence of mice or live mice in establishment's food or non-food areas.
YESHIVA GEDOLAH OHR YISROEL,Brooklyn,11236,01/20/2023,Evidence of mice or live mice in establishment's food or non-food areas.
YESHIVA IMREI YOSEF SPINKA,Brooklyn,11219,01/13/2023,Evidence of mice or live mice present in facility's food and/or non-food areas.
YESHIVA IMREI YOSEF SPINKA,Brooklyn,11219,01/13/2023,Evidence of rats or live rats present in facility's food and/or non-food areas.
YESHIVA JESODA HATORA,Brooklyn,11211,02/16/2023,Evidence of rats or live rats in establishment's food or non-food areas.
YESHIVA JESODA HATORA,Brooklyn,11211,02/16/2023,Evidence of mice or live mice present in facility's food and/or non-food areas.
YESHIVA JESODA HATORA,Brooklyn,11211,02/16/2023,Evidence of mice or live mice in establishment's food or non-food areas.
YESHIVA KEHILATH YAKOV,Brooklyn,11219,02/14/2023,Evidence of mice or live mice in establishment's food or non-food areas.
YESHIVA KEHILATH YAKOV,Brooklyn,11211,01/13/2023,Evidence of mice or live mice present in facility's food and/or non-food areas.
YESHIVA KEHILATH YAKOV,Brooklyn,11219,02/14/2023,Evidence of mice or live mice present in facility's food and/or non-food areas.
YESHIVA KEHILATH YAKOV,Brooklyn,11211,01/13/2023,Evidence of mice or live mice present in facility's food and/or non-food areas.
YESHIVA KETANA OF BENSONHURST,Brooklyn,11204,01/10/2023,Evidence of mice or live mice in establishment's food or non-food areas.
YESHIVA KETANA OF QUEENS,Queens,11366,12/15/2022,Evidence of mice or live mice in establishment's food or non-food areas.
YESHIVA MEOR HATALMUD,Brooklyn,11218,11/03/2022,Evidence of mice or live mice present in facility's food and/or non-food areas.
YESHIVA MEOR HATALMUD,Queens,11691,01/17/2023,Evidence of mice or live mice present in facility's food and/or non-food areas.
YESHIVA MEOR HATALMUD,Queens,11691,01/17/2023,Evidence of mice or live mice in establishment's food or non-food areas.
YESHIVA OF FAR ROCKAWAY,Queens,11691,11/28/2022,Evidence of mice or live mice present in facility's food and/or non-food areas.
YESHIVA OHR SHRAGA,Brooklyn,11230,03/15/2023,Evidence of mice or live mice present in facility's food and/or non-food areas.
YESHIVA OHR YOSEPH,Brooklyn,11218,02/13/2023,Evidence of mice or live mice in establishment's food or non-food areas.
YESHIVA TIFERES BUNIM,Brooklyn,11219,11/29/2022,Evidence of mice or live mice present in facility's food and/or non-food areas.
YESHIVA TIFERES SHMIEL,Brooklyn,11204,01/11/2023,Evidence of mice or live mice present in facility's food and/or non-food areas.
YESHIVA TIFERETH ELIMELECH,Brooklyn,11204,09/22/2022,Evidence of mice or live mice present in facility's food and/or non-food areas.
YESHIVA TIFERETH ELIMELECH,Brooklyn,11204,09/22/2022,Evidence of mice or live mice present in facility's food and/or non-food areas.
YESHIVA TIFERETH ELIMELECH,Brooklyn,11204,09/22/2022,Evidence of mice or live mice in establishment's food or non-food areas.
YESHIVA TIFERETH ELIMELECH,Brooklyn,11204,09/22/2022,Evidence of mice or live mice in establishment's food or non-food areas.
YESHIVA TIFERETH ELIMELECH,Brooklyn,11204,09/22/2022,Evidence of mice or live mice present in facility's food and/or non-food areas.
YESHIVA TIFERETH ELIMELECH,Brooklyn,11204,09/22/2022,Evidence of mice or live mice present in facility's food and/or non-food areas.
YESHIVA TIFERETH MOSHE DOV REVEL CENTER,Queens,11415,03/21/2023,Evidence of mice or live mice present in facility's food and/or non-food areas.
YESHIVA TIFERETH MOSHE DOV REVEL CENTER,Queens,11415,03/21/2023,Evidence of mice or live mice in establishment's food or non-food areas.
YESHIVA TORAH TEMIMAH,Brooklyn,11218,01/10/2023,Evidence of mice or live mice present in facility's food and/or non-food areas.
YESHIVA TORAH VODAATH SCHOOL,Brooklyn,11218,01/10/2023,Evidence of mice or live mice present in facility's food and/or non-food areas.
YESHIVA YAGDIL TORAH,Brooklyn,11204,01/11/2023,Evidence of mice or live mice present in facility's food and/or non-food areas.
YESHIVA YESODA HATORAH,Brooklyn,11219,02/14/2023,Evidence of mice or live mice in establishment's food or non-food areas.
YESHIVA YESODA HATORAH,Brooklyn,11219,02/14/2023,Evidence of mice or live mice present in facility's food and/or non-food areas.
YESHIVA YESODA HATORAH,Brooklyn,11219,02/14/2023,Evidence of mice or live mice present in facility's food and/or non-food areas.
YESHIVAH TIFERES TORAH,Brooklyn,11205,01/12/2023,Evidence of mice or live mice in establishment's food or non-food areas.
YESHIVAH TIFERES TORAH,Brooklyn,11205,01/12/2023,Evidence of mice or live mice present in facility's food and/or non-food areas.
YESHIVAS SANZ,Staten Island,10302,03/15/2023,Evidence of mice or live mice in establishment's food or non-food areas.
YESHIVAT LEV TORAH,Brooklyn,11234,11/16/2022,Evidence of mice or live mice present in facility's food and/or non-food areas.
YESHIVAT MIZRACHI L'BANIM,Brooklyn,11229,02/22/2023,Evidence of mice or live mice present in facility's food and/or non-food areas.
YESHIVAT MIZRACHI L'BANIM,Brooklyn,11229,02/22/2023,Evidence of mice or live mice in establishment's food or non-food areas.
YESHIVAT MIZRACHI L'BANIM,Brooklyn,11229,02/22/2023,Evidence of mice or live mice present in facility's food and/or non-food areas.
YESHIVAT OR HATORAH,Brooklyn,11229,02/15/2023,Evidence of mice or live mice in establishment's food or non-food areas.
ZETA CHARTER SCHOOLS,Bronx,10457,12/01/2022,Evidence of mice or live mice present in facility's food and/or non-food areas.
ZETA CHARTER SCHOOLS,Bronx,10457,12/01/2022,Evidence of mice or live mice present in facility's food and/or non-food areas.